GTA V1,59.99,55
GTA V2,59.99,171
Portal 23,19.99,14
OneShot4,9.99,951
OneShot5,9.99,507
Garry's Mod6,9.99,721
GTA V7,59.99,534
OneShot8,9.99,305
GTA V9,59.99,488
Portal 210,19.99,889
Portal 211,19.99,45
GTA V12,59.99,558
GTA V13,59.99,586
OneShot14,9.99,983
Portal 215,19.99,238
GTA V16,59.99,517
Garry's Mod17,9.99,172
Team Fortress 218,0,10
GTA V19,59.99,39
GTA V20,59.99,729
GTA V21,59.99,725
Left 4 Dead 222,4.99,859
Portal 223,19.99,605
Team Fortress 224,0,168
Garry's Mod25,9.99,384
Left 4 Dead 226,4.99,258
Counter-Strike27,14.99,802
Counter-Strike28,14.99,605
Portal 229,19.99,577
OneShot30,9.99,441
OneShot31,9.99,453
Left 4 Dead 232,4.99,678
GTA V33,59.99,30
Counter-Strike34,14.99,486
OneShot35,9.99,105
GTA V36,59.99,582
Team Fortress 237,0,707
Portal 238,19.99,628
GTA V39,59.99,115
OneShot40,9.99,498
Portal 241,19.99,860
OneShot42,9.99,313
GTA V43,59.99,432
OneShot44,9.99,751
Portal 245,19.99,997
Team Fortress 246,0,65
Team Fortress 247,0,692
Left 4 Dead 248,4.99,808
Garry's Mod49,9.99,340
Counter-Strike50,14.99,408
Team Fortress 251,0,259
OneShot52,9.99,828
OneShot53,9.99,813
Counter-Strike54,14.99,35
GTA V55,59.99,810
Counter-Strike56,14.99,262
GTA V57,59.99,148
Garry's Mod58,9.99,510
Garry's Mod59,9.99,750
Portal 260,19.99,114
OneShot61,9.99,677
Team Fortress 262,0,719
Left 4 Dead 263,4.99,826
Left 4 Dead 264,4.99,725
Counter-Strike65,14.99,86
Portal 266,19.99,320
Counter-Strike67,14.99,397
Portal 268,19.99,772
Counter-Strike69,14.99,947
Portal 270,19.99,520
OneShot71,9.99,249
Garry's Mod72,9.99,204
Team Fortress 273,0,784
Portal 274,19.99,370
OneShot75,9.99,964
Left 4 Dead 276,4.99,551
Left 4 Dead 277,4.99,706
Garry's Mod78,9.99,883
Portal 279,19.99,361
Garry's Mod80,9.99,812
Portal 281,19.99,837
Counter-Strike82,14.99,407
Portal 283,19.99,79
OneShot84,9.99,879
GTA V85,59.99,357
Portal 286,19.99,347
Garry's Mod87,9.99,944
OneShot88,9.99,44
Team Fortress 289,0,896
Left 4 Dead 290,4.99,763
GTA V91,59.99,186
Counter-Strike92,14.99,287
Team Fortress 293,0,34
Left 4 Dead 294,4.99,741
Portal 295,19.99,560
Left 4 Dead 296,4.99,622
Left 4 Dead 297,4.99,23
GTA V98,59.99,828
Portal 299,19.99,441
Garry's Mod100,9.99,916
Garry's Mod101,9.99,404
Left 4 Dead 2102,4.99,500
Team Fortress 2103,0,463
GTA V104,59.99,998
Left 4 Dead 2105,4.99,293
Garry's Mod106,9.99,75
Counter-Strike107,14.99,616
Left 4 Dead 2108,4.99,401
Team Fortress 2109,0,294
GTA V110,59.99,589
Counter-Strike111,14.99,360
Garry's Mod112,9.99,201
GTA V113,59.99,653
GTA V114,59.99,686
Left 4 Dead 2115,4.99,243
Left 4 Dead 2116,4.99,490
GTA V117,59.99,126
GTA V118,59.99,196
OneShot119,9.99,446
Team Fortress 2120,0,154
Garry's Mod121,9.99,165
Garry's Mod122,9.99,609
Portal 2123,19.99,582
Garry's Mod124,9.99,989
Team Fortress 2125,0,639
Portal 2126,19.99,211
OneShot127,9.99,247
Left 4 Dead 2128,4.99,870
Counter-Strike129,14.99,304
GTA V130,59.99,191
Left 4 Dead 2131,4.99,309
GTA V132,59.99,427
OneShot133,9.99,893
Left 4 Dead 2134,4.99,713
Team Fortress 2135,0,478
Portal 2136,19.99,409
OneShot137,9.99,650
Counter-Strike138,14.99,981
Garry's Mod139,9.99,845
OneShot140,9.99,179
OneShot141,9.99,620
Garry's Mod142,9.99,408
Team Fortress 2143,0,478
Team Fortress 2144,0,782
Garry's Mod145,9.99,359
Garry's Mod146,9.99,910
OneShot147,9.99,344
Team Fortress 2148,0,830
Left 4 Dead 2149,4.99,87
Portal 2150,19.99,733
Team Fortress 2151,0,333
OneShot152,9.99,721
Left 4 Dead 2153,4.99,763
OneShot154,9.99,239
GTA V155,59.99,219
OneShot156,9.99,59
OneShot157,9.99,908
Portal 2158,19.99,435
Garry's Mod159,9.99,190
Garry's Mod160,9.99,463
Portal 2161,19.99,177
Left 4 Dead 2162,4.99,291
Garry's Mod163,9.99,898
OneShot164,9.99,172
OneShot165,9.99,230
GTA V166,59.99,582
Team Fortress 2167,0,917
Portal 2168,19.99,284
GTA V169,59.99,487
GTA V170,59.99,895
OneShot171,9.99,946
Counter-Strike172,14.99,629
Counter-Strike173,14.99,57
GTA V174,59.99,819
Left 4 Dead 2175,4.99,494
Team Fortress 2176,0,795
Garry's Mod177,9.99,752
Counter-Strike178,14.99,207
Portal 2179,19.99,717
Portal 2180,19.99,699
OneShot181,9.99,601
Left 4 Dead 2182,4.99,454
Portal 2183,19.99,93
Counter-Strike184,14.99,193
OneShot185,9.99,128
Left 4 Dead 2186,4.99,462
OneShot187,9.99,489
Left 4 Dead 2188,4.99,145
Team Fortress 2189,0,930
Counter-Strike190,14.99,978
GTA V191,59.99,654
Team Fortress 2192,0,545
Left 4 Dead 2193,4.99,516
GTA V194,59.99,240
Left 4 Dead 2195,4.99,824
Left 4 Dead 2196,4.99,236
Counter-Strike197,14.99,424
Team Fortress 2198,0,180
OneShot199,9.99,796
Counter-Strike200,14.99,736
Counter-Strike201,14.99,222
Counter-Strike202,14.99,362
Counter-Strike203,14.99,543
Garry's Mod204,9.99,896
Team Fortress 2205,0,752
Portal 2206,19.99,391
Left 4 Dead 2207,4.99,117
Team Fortress 2208,0,817
OneShot209,9.99,707
Team Fortress 2210,0,352
Counter-Strike211,14.99,99
OneShot212,9.99,416
Left 4 Dead 2213,4.99,428
OneShot214,9.99,568
Garry's Mod215,9.99,285
Counter-Strike216,14.99,353
GTA V217,59.99,175
Left 4 Dead 2218,4.99,237
Counter-Strike219,14.99,847
Team Fortress 2220,0,776
Team Fortress 2221,0,361
GTA V222,59.99,506
Left 4 Dead 2223,4.99,814
Garry's Mod224,9.99,3
GTA V225,59.99,118
Left 4 Dead 2226,4.99,101
Portal 2227,19.99,782
Counter-Strike228,14.99,62
Left 4 Dead 2229,4.99,739
Garry's Mod230,9.99,354
Team Fortress 2231,0,885
OneShot232,9.99,748
Left 4 Dead 2233,4.99,596
Garry's Mod234,9.99,85
OneShot235,9.99,358
Portal 2236,19.99,539
Left 4 Dead 2237,4.99,326
Left 4 Dead 2238,4.99,444
GTA V239,59.99,654
Portal 2240,19.99,759
Counter-Strike241,14.99,878
OneShot242,9.99,433
Portal 2243,19.99,225
OneShot244,9.99,189
Counter-Strike245,14.99,327
Garry's Mod246,9.99,419
Counter-Strike247,14.99,549
Team Fortress 2248,0,209
Counter-Strike249,14.99,54
Garry's Mod250,9.99,396
Portal 2251,19.99,357
Left 4 Dead 2252,4.99,840
Counter-Strike253,14.99,136
Garry's Mod254,9.99,907
Garry's Mod255,9.99,358
Portal 2256,19.99,134
OneShot257,9.99,369
OneShot258,9.99,723
Counter-Strike259,14.99,37
Left 4 Dead 2260,4.99,567
Garry's Mod261,9.99,478
Counter-Strike262,14.99,209
Team Fortress 2263,0,949
Left 4 Dead 2264,4.99,713
OneShot265,9.99,988
OneShot266,9.99,57
Garry's Mod267,9.99,44
Team Fortress 2268,0,719
Counter-Strike269,14.99,430
Garry's Mod270,9.99,233
GTA V271,59.99,191
GTA V272,59.99,774
Garry's Mod273,9.99,249
Team Fortress 2274,0,387
GTA V275,59.99,488
Counter-Strike276,14.99,891
Counter-Strike277,14.99,306
Counter-Strike278,14.99,374
Garry's Mod279,9.99,150
Portal 2280,19.99,362
Counter-Strike281,14.99,941
Portal 2282,19.99,124
GTA V283,59.99,404
Team Fortress 2284,0,64
Left 4 Dead 2285,4.99,663
Garry's Mod286,9.99,716
Counter-Strike287,14.99,143
OneShot288,9.99,473
GTA V289,59.99,485
Portal 2290,19.99,457
Garry's Mod291,9.99,540
Left 4 Dead 2292,4.99,873
Left 4 Dead 2293,4.99,754
Garry's Mod294,9.99,824
Left 4 Dead 2295,4.99,766
Team Fortress 2296,0,910
Team Fortress 2297,0,651
Counter-Strike298,14.99,38
Garry's Mod299,9.99,796
Portal 2300,19.99,619
Counter-Strike301,14.99,981
Team Fortress 2302,0,430
Counter-Strike303,14.99,960
GTA V304,59.99,198
Portal 2305,19.99,845
Garry's Mod306,9.99,718
Garry's Mod307,9.99,127
Portal 2308,19.99,890
Left 4 Dead 2309,4.99,278
Portal 2310,19.99,489
Counter-Strike311,14.99,279
Portal 2312,19.99,132
Team Fortress 2313,0,749
Garry's Mod314,9.99,733
GTA V315,59.99,235
Portal 2316,19.99,33
GTA V317,59.99,183
Counter-Strike318,14.99,190
GTA V319,59.99,441
Counter-Strike320,14.99,573
Portal 2321,19.99,113
Left 4 Dead 2322,4.99,696
Portal 2323,19.99,363
OneShot324,9.99,540
Team Fortress 2325,0,678
Left 4 Dead 2326,4.99,440
GTA V327,59.99,312
OneShot328,9.99,172
GTA V329,59.99,731
Team Fortress 2330,0,626
GTA V331,59.99,403
GTA V332,59.99,576
OneShot333,9.99,534
OneShot334,9.99,140
Counter-Strike335,14.99,938
Team Fortress 2336,0,270
Left 4 Dead 2337,4.99,865
Left 4 Dead 2338,4.99,680
OneShot339,9.99,591
GTA V340,59.99,473
Team Fortress 2341,0,306
OneShot342,9.99,341
OneShot