Portal 21,Steam VR1,Angels Fall1
Left 4 Dead 22,Steam VR2,Angels Fall2
GTA V3,Wallpaper Engine3,Dearly Beloved3
Counter-Strike4,Steam Workshop4,Dearly Beloved4
Left 4 Dead 25,Steam VR5,America5
Garry's Mod6,Steam VR6,Viva La Vida6
GTA V7,Wallpaper Engine7,America7
Left 4 Dead 28,Wallpaper Engine8,Angels Fall8
GTA V9,Wallpaper Engine9,America9
OneShot10,Wallpaper Engine10,Carry on10
Garry's Mod11,Steam VR11,Dearly Beloved11
GTA V12,Steam VR12,Dearly Beloved12
Team Fortress 213,Steam Workshop13,Dearly Beloved13
OneShot14,Wallpaper Engine14,Viva La Vida14
Counter-Strike15,Steam Workshop15,Dearly Beloved15
OneShot16,Steam Workshop16,Carry on16
OneShot17,Steam Workshop17,America17
Left 4 Dead 218,Wallpaper Engine18,Dearly Beloved18
OneShot19,Steam Workshop19,Viva La Vida19
Garry's Mod20,Steam Workshop20,Angels Fall20
GTA V21,Steam VR21,Carry on21
Portal 222,Steam Workshop22,America22
GTA V23,Steam Workshop23,Carry on23
Team Fortress 224,Steam Workshop24,Dearly Beloved24
Counter-Strike25,Steam VR25,Viva La Vida25
Garry's Mod26,Wallpaper Engine26,Dearly Beloved26
Portal 227,Steam VR27,Angels Fall27
Garry's Mod28,Steam VR28,Dearly Beloved28
GTA V29,Wallpaper Engine29,America29
Portal 230,Steam VR30,Carry on30
Team Fortress 231,Steam Workshop31,Angels Fall31
Left 4 Dead 232,Steam Workshop32,Dearly Beloved32
Team Fortress 233,Steam Workshop33,Viva La Vida33
Portal 234,Steam Workshop34,America34
Portal 235,Steam Workshop35,Carry on35
Counter-Strike36,Steam VR36,America36
Garry's Mod37,Wallpaper Engine37,America37
GTA V38,Steam Workshop38,Carry on38
Garry's Mod39,Wallpaper Engine39,Angels Fall39
Garry's Mod40,Wallpaper Engine40,Viva La Vida40
Counter-Strike41,Steam Workshop41,Viva La Vida41
Team Fortress 242,Steam VR42,Dearly Beloved42
Garry's Mod43,Steam VR43,America43
GTA V44,Steam Workshop44,Carry on44
GTA V45,Steam VR45,America45
Garry's Mod46,Wallpaper Engine46,Viva La Vida46
Portal 247,Wallpaper Engine47,Angels Fall47
Counter-Strike48,Steam VR48,Carry on48
Left 4 Dead 249,Steam VR49,Carry on49
GTA V50,Steam VR50,Dearly Beloved50
Portal 251,Steam Workshop51,Carry on51
Portal 252,Steam VR52,Carry on52
Team Fortress 253,Steam VR53,Dearly Beloved53
Team Fortress 254,Wallpaper Engine54,Carry on54
Team Fortress 255,Steam Workshop55,Viva La Vida55
Counter-Strike56,Wallpaper Engine56,America56
OneShot57,Steam Workshop57,Dearly Beloved57
Portal 258,Steam VR58,Angels Fall58
GTA V59,Steam VR59,Viva La Vida59
Counter-Strike60,Steam VR60,Dearly Beloved60
Left 4 Dead 261,Steam Workshop61,America61
Counter-Strike62,Steam Workshop62,Carry on62
GTA V63,Steam VR63,Carry on63
OneShot64,Wallpaper Engine64,Angels Fall64
Garry's Mod65,Wallpaper Engine65,Carry on65
Left 4 Dead 266,Steam Workshop66,Carry on66
OneShot67,Wallpaper Engine67,Angels Fall67
Garry's Mod68,Steam VR68,Viva La Vida68
OneShot69,Steam Workshop69,Angels Fall69
OneShot70,Wallpaper Engine70,Angels Fall70
Left 4 Dead 271,Wallpaper Engine71,Angels Fall71
GTA V72,Steam VR72,America72
Team Fortress 273,Wallpaper Engine73,Carry on73
Portal 274,Wallpaper Engine74,Dearly Beloved74
GTA V75,Steam VR75,Carry on75
Counter-Strike76,Steam Workshop76,America76
Left 4 Dead 277,Steam Workshop77,Angels Fall77
Team Fortress 278,Steam VR78,Angels Fall78
Counter-Strike79,Steam Workshop79,Carry on79
Counter-Strike80,Steam Workshop80,Carry on80
Team Fortress 281,Steam VR81,Angels Fall81
OneShot82,Steam Workshop82,Dearly Beloved82
OneShot83,Steam Workshop83,Angels Fall83
Portal 284,Steam VR84,America84
Portal 285,Steam Workshop85,America85
Left 4 Dead 286,Steam VR86,Dearly Beloved86
Portal 287,Steam VR87,Carry on87
Team Fortress 288,Steam VR88,Dearly Beloved88
Portal 289,Steam VR89,Carry on89
OneShot90,Steam VR90,Dearly Beloved90
Team Fortress 291,Wallpaper Engine91,Carry on91
Team Fortress 292,Steam VR92,America92
Team Fortress 293,Steam Workshop93,America93
Team Fortress 294,Steam Workshop94,Carry on94
Counter-Strike95,Steam VR95,Carry on95
Portal 296,Steam VR96,America96
Left 4 Dead 297,Steam Workshop97,Angels Fall97
Left 4 Dead 298,Steam VR98,Viva La Vida98
Left 4 Dead 299,Steam VR99,America99
Portal 2100,Wallpaper Engine100,Viva La Vida100
OneShot101,Wallpaper Engine101,Dearly Beloved101
Garry's Mod102,Steam Workshop102,America102
GTA V103,Wallpaper Engine103,Angels Fall103
Left 4 Dead 2104,Steam Workshop104,America104
Portal 2105,Steam VR105,America105
Portal 2106,Steam Workshop106,Angels Fall106
Team Fortress 2107,Steam Workshop107,Dearly Beloved107
OneShot108,Steam Workshop108,America108
Counter-Strike109,Steam VR109,Viva La Vida109
Team Fortress 2110,Steam VR110,Angels Fall110
OneShot111,Wallpaper Engine111,Viva La Vida111
GTA V112,Steam VR112,Dearly Beloved112
Garry's Mod113,Steam VR113,Dearly Beloved113
GTA V114,Steam Workshop114,Angels Fall114
GTA V115,Steam Workshop115,Angels Fall115
Team Fortress 2116,Steam Workshop116,Carry on116
Counter-Strike117,Wallpaper Engine117,Viva La Vida117
Team Fortress 2118,Wallpaper Engine118,Viva La Vida118
OneShot119,Steam VR119,Dearly Beloved119
Left 4 Dead 2120,Steam VR120,Angels Fall120
Left 4 Dead 2121,Wallpaper Engine121,Angels Fall121
Left 4 Dead 2122,Steam VR122,Dearly Beloved122
GTA V123,Steam VR123,Angels Fall123
Team Fortress 2124,Wallpaper Engine124,Carry on124
GTA V125,Wallpaper Engine125,Carry on125
Counter-Strike126,Steam VR126,Viva La Vida126
Garry's Mod127,Steam Workshop127,Angels Fall127
Garry's Mod128,Wallpaper Engine128,Angels Fall128
OneShot129,Steam VR129,Dearly Beloved129
Garry's Mod130,Wallpaper Engine130,America130
Garry's Mod131,Wallpaper Engine131,Angels Fall131
Garry's Mod132,Wallpaper Engine132,Viva La Vida132
GTA V133,Steam VR133,Viva La Vida133
Portal 2134,Steam VR134,Carry on134
Portal 2135,Steam VR135,America135
Garry's Mod136,Steam Workshop136,America136
Team Fortress 2137,Wallpaper Engine137,Dearly Beloved137
Left 4 Dead 2138,Steam VR138,America138
Left 4 Dead 2139,Wallpaper Engine139,America139
Portal 2140,Steam Workshop140,Carry on140
Counter-Strike141,Wallpaper Engine141,Angels Fall141
GTA V142,Steam VR142,Carry on142
GTA V143,Steam VR143,America143
Team Fortress 2144,Steam VR144,Dearly Beloved144
OneShot145,Wallpaper Engine145,Angels Fall145
OneShot146,Wallpaper Engine146,Angels Fall146
Counter-Strike147,Steam Workshop147,Dearly Beloved147
GTA V148,Steam Workshop148,Angels Fall148
OneShot149,Steam Workshop149,Dearly Beloved149
Portal 2150,Steam VR150,Angels Fall150
Team Fortress 2151,Wallpaper Engine151,Dearly Beloved151
Left 4 Dead 2152,Steam VR152,Viva La Vida152
Left 4 Dead 2153,Steam VR153,Angels Fall153
Left 4 Dead 2154,Steam Workshop154,Dearly Beloved154
Counter-Strike155,Steam Workshop155,Carry on155
OneShot156,Steam Workshop156,Viva La Vida156
OneShot157,Wallpaper Engine157,Dearly Beloved157
Garry's Mod158,Steam VR158,America158
Garry's Mod159,Wallpaper Engine159,Viva La Vida159
Left 4 Dead 2160,Steam VR160,Viva La Vida160
Team Fortress 2161,Wallpaper Engine161,America161
Counter-Strike162,Steam VR162,Viva La Vida162
Portal 2163,Steam Workshop163,Angels Fall163
GTA V164,Wallpaper Engine164,Dearly Beloved164
Team Fortress 2165,Steam VR165,Angels Fall165
Left 4 Dead 2166,Wallpaper Engine166,Viva La Vida166
OneShot167,Steam VR167,Dearly Beloved167
Team Fortress 2168,Steam VR168,Carry on168
Left 4 Dead 2169,Wallpaper Engine169,America169
Portal 2170,Steam Workshop170,America170
Garry's Mod171,Steam Workshop171,Dearly Beloved171
Portal 2172,Steam VR172,Viva La Vida172
Team Fortress 2173,Steam Workshop173,Dearly Beloved173
Portal 2174,Wallpaper Engine174,Carry on174
Team Fortress 2175,Steam Workshop175,Carry on175
OneShot176,Wallpaper Engine176,Viva La Vida176
Garry's Mod177,Steam VR177,Carry on177
Counter-Strike178,Steam VR178,America178
Portal 2179,Steam Workshop179,Viva La Vida179
Left 4 Dead 2180,Wallpaper Engine180,Carry on180
Counter-Strike181,Wallpaper Engine181,America181
Garry's Mod182,Steam VR182,Dearly Beloved182
Left 4 Dead 2183,Wallpaper Engine183,Angels Fall183
OneShot184,Steam VR184,Carry on184
GTA V185,Steam Workshop185,America185
Left 4 Dead 2186,Wallpaper Engine186,Dearly Beloved186
Counter-Strike187,Steam Workshop187,Angels Fall187
Left 4 Dead 2188,Wallpaper Engine188,America188
Counter-Strike189,Steam VR189,Dearly Beloved189
Team Fortress 2190,Wallpaper Engine190,Carry on190
Counter-Strike191,Wallpaper Engine191,Viva La Vida191
Garry's Mod192,Steam VR192,Viva La Vida192
Garry's Mod193,Steam Workshop193,Dearly Beloved193
OneShot194,Steam VR194,America194
GTA V195,Steam VR195,Viva La Vida195
OneShot196,Steam Workshop196,America196
GTA V197,Wallpaper Engine197,America197
Garry's Mod198,Wallpaper Engine198,Viva La Vida198
Garry's Mod199,Steam Workshop199,Carry on199
OneShot200,Steam Workshop200,America200
Team Fortress 2201,Steam Workshop201,Viva La Vida201
Garry's Mod202,Steam VR202,Angels Fall202
Left 4 Dead 2203,Steam Workshop203,Viva La Vida203
Garry's Mod204,Steam Workshop204,America204
Counter-Strike205,Wallpaper Engine205,America205
Counter-Strike206,Wallpaper Engine206,Dearly Beloved206
Garry's Mod207,Steam Workshop207,America207
Garry's Mod208,Steam VR208,Angels Fall208
Left 4 Dead 2209,Wallpaper Engine209,Dearly Beloved209
Team Fortress 2210,Steam Workshop210,Dearly Beloved210
Portal 2211,Wallpaper Engine211,Carry on211
GTA V212,Wallpaper Engine212,America212
Left 4 Dead 2213,Steam Workshop213,Dearly Beloved213
OneShot214,Steam VR214,Dearly Beloved214
Portal 2215,Steam VR215,Carry on215
Team Fortress 2216,Steam VR216,America216
Garry's Mod217,Wallpaper Engine217,Angels Fall217
Garry's Mod218,Wallpaper Engine218,Angels Fall218
OneShot219,Steam VR219,Viva La Vida219
Counter-Strike220,Wallpaper Engine220,Carry on220
OneShot221,Steam VR221,Dearly Beloved221
Left 4 Dead 2222,Steam VR222,Viva La Vida222
OneShot223,Steam Workshop223,Viva La Vida223
Counter-Strike224,Steam Workshop224,Dearly Beloved224
Garry's Mod225,Steam Workshop225,America225
Garry's Mod226,Steam VR226,Viva La Vida226
Garry's Mod227,Wallpaper Engine227,Viva La Vida227
Portal 2228,Steam VR228,America228
Counter-Strike229,Steam Workshop229,Dearly Beloved229
Garry's Mod230,Wallpaper Engine230,Carry on230
Left 4 Dead 2231,Steam Workshop231,Angels Fall231
Left 4 Dead 2232,Wallpaper Engine232,America232
Team Fortress 2233,Wallpaper Engine233,America233
Portal 2234,Steam Workshop234,Angels Fall234
Team Fortress 2235,Steam Workshop235,Carry on235
Counter-Strike236,Wallpaper Engine236,Dearly Beloved236
GTA V237,Steam Workshop237,America237
Garry's Mod238,Steam VR238,Dearly Beloved238
Garry's Mod239,Wallpaper Engine239,Viva La Vida239
Portal 2240,Steam VR240,Dearly Beloved240
Garry's Mod241,Wallpaper Engine241,Carry on241
Left 4 Dead 2242,Steam Workshop242,Carry on242
Left 4 Dead 2243,Wallpaper Engine243,Carry on243
Garry's Mod244,Steam Workshop244,Dearly Beloved244
Portal 2245,Wallpaper Engine245,Viva La Vida245
OneShot246,Steam Workshop246,Carry on246
Team Fortress 2247,Steam VR247,Dearly Beloved247
Garry's Mod248,Steam VR248,Carry on248
Counter-Strike249,Steam VR249,Angels Fall249
Portal 2250,Wallpaper Engine250,Carry on250
Counter-Strike251,Steam Workshop251,Carry on251
Team Fortress 2252,Steam VR252,Dearly Beloved252
Team Fortress 2253,Wallpaper Engine253,America253
GTA V254,Steam VR254,America254
OneShot255,Steam Workshop255,America255
Team Fortress 2256,Wallpaper Engine256,Viva La Vida256
OneShot257,Steam VR257,Dearly Beloved257
Portal 2258,Steam VR258,Viva La Vida258
Portal 2259,Steam VR259,America259
GTA V260,Steam Workshop260,Angels Fall260
GTA V261,Wallpaper Engine261,Carry on261
Left 4 Dead 2262,Steam VR262,Angels Fall262
Garry's Mod263,Steam VR263,Dearly Beloved263
Portal 2264,Steam Workshop264,America264
Team Fortress 2265,Steam VR265,Carry on265
Team Fortress 2266,Steam Workshop266,Carry on266
OneShot267,Wallpaper Engine267,Viva La Vida267
Team Fortress 2268,Steam Workshop268,Dearly Beloved268
Garry's Mod269,Wallpaper Engine269,Carry on269
Left 4 Dead 2270,Steam Workshop270,Angels Fall270
Portal 2271,Steam VR271,Carry on271
OneShot272,Wallpaper Engine272,Carry on272
Team Fortress 2273,Steam Workshop273,Dearly Beloved273
Left 4 Dead 2274,Steam Workshop274,Viva La Vida274
Team Fortress 2275,Steam Workshop275,Viva La Vida275
GTA V276,Steam VR276,Dearly Beloved276
Counter-Strike277,Wallpaper Engine277,Viva La Vida277
GTA V278,Wallpaper Engine278,Angels Fall278
Portal 2279,Wallpaper Engine279,America279
GTA V280,Steam Workshop280,Angels Fall280
Counter-Strike281,Steam Workshop281,America281
OneShot282,Wallpaper Engine282,Angels Fall282
Garry's Mod283,Steam VR283,Angels Fall283
Left 4 Dead 2284,Steam Workshop284,Carry on284
GTA V285,Steam VR285,Carry on285
Garry's Mod286,Steam Workshop286,Dearly Beloved286
Portal 2287,Steam VR287,Carry on287
Portal 2288,Wallpaper Engine288,Angels Fall288
Garry's Mod289,Steam Workshop289,Angels Fall289
Garry's Mod290,Steam VR290,Carry on290
Counter-Strike291,Steam VR291,Dearly Beloved291
GTA V292,Steam Workshop292,Viva La Vida292
Counter-Strike293,Wallpaper Engine293,Carry on293
GTA V294,Steam VR294,America294
Portal 2295,Wallpaper Engine295,Viva La Vida295
Counter-Strike296,Steam VR296,America296
Garry's Mod297,Steam Workshop297,Dearly Beloved297
Counter-Strike298,Steam Workshop298,Carry on298
Left 4 Dead 2299,Wallpaper Engine299,Viva La Vida299
Team Fortress 2300,Wallpaper Engine300,Carry on300
OneShot301,Wallpaper Engine301,Viva La Vida301
Garry's Mod302,Steam VR302,Viva La Vida302
GTA V303,Wallpaper Engine303,America303
Garry's Mod304,Steam VR304,America304
Team Fortress 2305,Steam Workshop305,Angels Fall305
Garry's Mod306,Wallpaper Engine306,America306
Portal 2307,Steam VR307,Dearly Beloved307
Left 4 Dead 2308,Wallpaper Engine308,America308
Left 4 Dead 2309,Steam Workshop309,Carry on309
Garry's Mod310,Steam VR310,Angels Fall310
Team Fortress 2311,Wallpaper Engine311,Carry on311
Portal 2312,Steam VR312,Dearly Beloved312
Team Fortress 2313,Steam Workshop313,America313
OneShot314,Wallpaper Engine314,Angels Fall314
Portal 2315,Steam Workshop315,America315
Garry's Mod316,Steam Workshop316,Dearly Beloved316
OneShot317,Wallpaper Engine317,Angels Fall317
Left 4 Dead 2318,Wallpaper Engine318,Dearly Beloved318
Garry's Mod319,Steam Workshop319,Carry on319
Portal 2320,Wallpaper Engine320,Carry on320
Counter-Strike321,Wallpaper Engine321,Carry on321
Garry's Mod322,Steam VR322,Dearly Beloved322
Left 4 Dead 2323,Steam Workshop323,Carry on323
Team Fortress 2324,Wallpaper Engine324,Viva La Vida324
Left 4 Dead 2325,Steam VR325,Carry on325
Garry's Mod326,Steam VR326,Dearly Beloved326
Portal 2327,Steam Workshop327,Carry on327
GTA V328,Wallpaper Engine328,Angels Fall328
Counter-Strike329,Steam Workshop329,Viva La Vida329
Team Fortress 2330,Steam Workshop330,America330
Garry's Mod331,Wallpaper Engine331,Viva La Vida331
Counter-Strike332,Steam VR332,Angels Fall332
Counter-Strike333,Steam Workshop333,America333
Counter-Strike334,Steam VR334,Viva La Vida334
OneShot335,Steam VR335,Carry on335
Portal 2336,Steam Workshop336,Carry on336
Team Fortress 2337,Steam VR337,Carry on337
OneShot338,Steam Workshop338,Carry on338
Garry's Mod339,Steam VR339,Angels Fall339
Counter-Strike340,Wallpaper Engine340,America340
Counter-Strike341,Steam VR341,America341
Team Fortress 2342,Wallpaper Engine342,Angels Fall342
Garry's Mod343,Wallpaper Engine343,Dearly Beloved343
Portal 2344,Steam VR344,Angels Fall344
GTA V345,Steam Workshop345,Dearly Beloved345
Counter-Strike346,Steam Workshop346,Dearly Beloved346
Garry's Mod347,Steam VR347,Viva La Vida347
GTA V348,Wallpaper Engine348,Angels Fall348
Counter-Strike349,Steam VR349,Angels Fall349
Left 4 Dead 2350,Wallpaper Engine350,Dearly Beloved350
Portal 2351,Wallpaper Engine351,Angels Fall351
Left 4 Dead 2352,Steam Workshop352,Angels Fall352
Team Fortress 2353,Wallpaper Engine353,Angels Fall353
Portal 2354,Steam VR354,Angels Fall354
GTA V355,Steam VR355,Angels Fall355
Portal 2356,Steam VR356,Viva La Vida356
Left 4 Dead 2357,Wallpaper Engine357,Carry on357
Portal 2358,Steam VR358,America358
GTA V359,Steam Workshop359,Dearly Beloved359
GTA V360,Steam VR360,America360
Garry's Mod361,Steam VR361,Carry on361
Portal 2362,Wallpaper Engine362,Viva La Vida362
Counter-Strike363,Steam VR363,Carry on363
Garry's Mod364,Steam VR364,Carry on364
Team Fortress 2365,Steam Workshop365,America365
OneShot366,Steam VR366,Carry on366
OneShot367,Steam VR367,Viva La Vida367
Team Fortress 2368,Wallpaper Engine368,Dearly Beloved368
Counter-Strike369,Steam VR369,Angels Fall369
GTA V370,Wallpaper Engine370,America370
Garry's Mod371,Steam Workshop371,Carry on371
GTA V372,Steam Workshop372,Dearly Beloved372
Counter-Strike373,Steam Workshop373,Dearly Beloved373
OneShot374,Wallpaper Engine374,America374
Counter-Strike375,Wallpaper Engine375,Viva La Vida375
GTA V376,Steam VR376,Carry on376
OneShot377,Steam Workshop377,Dearly Beloved377
OneShot378,Steam Workshop378,America378
Left 4 Dead 2379,Steam VR379,America379
Portal 2380,Wallpaper Engine380,Viva La Vida380
Counter-Strike381,Steam VR381,Carry on381
Team Fortress 2382,Wallpaper Engine382,Viva La Vida382
GTA V383,Steam Workshop383,Angels Fall383
GTA V384,Steam Workshop384,Dearly Beloved384
Left 4 Dead 2385,Steam VR385,Carry on385
OneShot386,Steam Workshop386,Carry on386
Team Fortress 2387,Steam Workshop387,America387
Garry's Mod388,Wallpaper Engine388,Carry on388
OneShot389,Steam Workshop389,Carry on389
Portal 2390,Wallpaper Engine390,Angels Fall390
Counter-Strike391,Steam Workshop391,Carry on391
Portal 2392,Steam Workshop392,Viva La Vida392
GTA V393,Wallpaper Engine393,Viva La Vida393
GTA V394,Steam Workshop394,America394
Counter-Strike395,Steam VR395,Dearly Beloved395
Left 4 Dead 2396,Steam VR396,Carry on396
Counter-Strike397,Steam VR397,Dearly Beloved397
Portal 2398,Steam VR398,Dearly Beloved398
Left 4 Dead 2399,Wallpaper Engine399,Carry on399
Counter-Strike400,Steam Workshop400,Dearly Beloved400
Counter-Strike401,Wallpaper Engine401,Viva La Vida401
Counter-Strike402,Steam VR402,America402
GTA V403,Steam VR403,Carry on403
Counter-Strike404,Steam VR404,Viva La Vida404
Left 4 Dead 2405,Steam VR405,Carry on405
Counter-Strike406,Steam VR406,Carry on406
Team Fortress 2407,Steam VR407,Viva La Vida407
OneShot408,Steam Workshop408,Angels Fall408
GTA V409,Steam Workshop409,Carry on409
Counter-Strike410,Steam VR410,Angels Fall410
GTA V411,Steam VR411,Carry on411
Portal 2412,Wallpaper Engine412,America412
Portal 2413,Wallpaper Engine413,Angels Fall413
Team Fortress 2414,Wallpaper Engine414,Viva La Vida414
GTA V415,Steam VR415,Dearly Beloved415
Team Fortress 2416,Wallpaper Engine416,Viva La Vida416
Left 4 Dead 2417,Wallpaper Engine417,America417
Portal 2418,Steam Workshop418,Angels Fall418
GTA V419,Wallpaper Engine419,America419
Portal 2420,Steam VR420,Carry on420
Team Fortress 2421,Steam Workshop421,Viva La Vida421
Portal 2422,Steam VR422,America422
Team Fortress 2423,Steam Workshop423,America423
Left 4 Dead 2424,Steam VR424,Angels Fall424
Counter-Strike425,Steam VR425,Carry on425
Counter-Strike426,Steam Workshop426,Dearly Beloved426
Garry's Mod427,Steam Workshop427,Carry on427
GTA V428,Wallpaper Engine428,America428
Counter-Strike429,Steam Workshop429,Dearly Beloved429
Team Fortress 2430,Steam Workshop430,Dearly Beloved430
Portal 2431,Steam VR431,Dearly Beloved431
OneShot432,Steam VR432,Angels Fall432
Team Fortress 2433,Steam Workshop433,Viva La Vida433
Team Fortress 2434,Steam VR434,Dearly Beloved434
OneShot435,Steam Workshop435,Dearly Beloved435
Team Fortress 2436,Steam VR436,Viva La Vida436
Garry's Mod437,Steam Workshop437,Viva La Vida437
Garry's Mod438,Steam Workshop438,Viva La Vida438
Garry's Mod439,Steam VR439,America439
Counter-Strike440,Steam VR440,Dearly Beloved440
Left 4 Dead 2441,Steam Workshop441,Dearly Beloved441
Team Fortress 2442,Steam Workshop442,Angels Fall442
GTA V443,Steam VR443,America443
Portal 2444,Wallpaper Engine444,Angels Fall444
OneShot445,Steam VR445,Angels Fall445
GTA V446,Wallpaper Engine446,Viva La Vida446
Counter-Strike447,Wallpaper Engine447,Viva La Vida447
Left 4 Dead 2448,Wallpaper Engine448,Dearly Beloved448
Counter-Strike449,Steam VR449,Carry on449
Counter-Strike450,Steam VR450,Dearly Beloved450
OneShot451,Wallpaper Engine451,Carry on451
Garry's Mod452,Wallpaper Engine452,America452
Team Fortress 2453,Wallpaper Engine453,Dearly Beloved453
Left 4 Dead 2454,Steam VR454,America454
Team Fortress 2455,Steam Workshop455,America455
Counter-Strike456,Steam VR456,Angels Fall456
Counter-Strike457,Steam VR457,Viva La Vida457
Garry's Mod458,Steam Workshop458,America458
Portal 2459,Steam Workshop459,Angels Fall459
GTA V460,Steam VR460,Viva La Vida460
GTA V461,Steam VR461,America461
Counter-Strike462,Wallpaper Engine462,Dearly Beloved462
Team Fortress 2463,Steam Workshop463,Viva La Vida463
Garry's Mod464,Steam Workshop464,Carry on464
Team Fortress 2465,Wallpaper Engine465,Carry on465
Left 4 Dead 2466,Steam VR466,Dearly Beloved466
Garry's Mod467,Wallpaper Engine467,Viva La Vida467
OneShot468,Wallpaper Engine468,Dearly Beloved468
Counter-Strike469,Steam Workshop469,Angels Fall469
Portal 2470,Steam Workshop470,Angels Fall470
GTA V471,Steam Workshop471,Carry on471
Garry's Mod472,Wallpaper Engine472,Dearly Beloved472
Garry's Mod473,Steam Workshop473,Carry on473
Team Fortress 2474,Steam Workshop474,Viva La Vida474
Garry's Mod475,Steam Workshop475,Angels Fall475
OneShot476,Wallpaper Engine476,Dearly Beloved476
GTA V477,Steam VR477,Dearly Beloved477
Portal 2478,Steam Workshop478,Viva La Vida478
Team Fortress 2479,Steam Workshop479,Viva La Vida479
Portal 2480,Steam Workshop480,Dearly Beloved480
Counter-Strike481,Wallpaper Engine481,Viva La Vida481
Garry's Mod482,Steam Workshop482,Carry on482
Counter-Strike483,Wallpaper Engine483,America483
OneShot484,Steam Workshop484,Dearly Beloved484
Team Fortress 2485,Wallpaper Engine485,America485
OneShot486,Wallpaper Engine486,Carry on486
Garry's Mod487,Wallpaper Engine487,Dearly Beloved487
Garry's Mod488,Steam VR488,America488
OneShot489,Wallpaper Engine489,America489
Left 4 Dead 2490,Wallpaper Engine490,Dearly Beloved490
Garry's Mod491,Steam Workshop491,Angels Fall491
Team Fortress 2492,Steam VR492,Angels Fall492
Team Fortress 2493,Steam VR493,Carry on493
GTA V494,Wallpaper Engine494,Dearly Beloved494
Team Fortress 2495,Wallpaper Engine495,Dearly Beloved495
Left 4 Dead 2496,Steam Workshop496,America496
Left 4 Dead 2497,Wallpaper Engine497,Dearly Beloved497
Portal 2498,Wallpaper Engine498,America498
OneShot499,Steam Workshop499,Carry on499
Garry's Mod500,Steam Workshop500,America500
Left 4 Dead 2501,Steam Workshop501,America501
Portal 2502,Wallpaper Engine502,Dearly Beloved502
Portal 2503,Steam Workshop503,Angels Fall503
Team Fortress 2504,Steam Workshop504,Dearly Beloved504
Team Fortress 2505,Steam Workshop505,America505
Garry's Mod506,Wallpaper Engine506,Dearly Beloved506
Portal 2507,Steam Workshop507,Carry on507
Team Fortress 2508,Steam Workshop508,America508
GTA V509,Steam Workshop509,Dearly Beloved509
GTA V510,Steam Workshop510,Dearly Beloved510
Counter-Strike511,Steam Workshop511,Carry on511
Left 4 Dead 2512,Steam Workshop512,Angels Fall512
Left 4 Dead 2513,Steam Workshop513,Viva La Vida513
Left 4 Dead 2514,Wallpaper Engine514,Dearly Beloved514
Garry's Mod515,Wallpaper Engine515,Carry on515
Counter-Strike516,Steam VR516,Carry on516
Left 4 Dead 2517,Steam VR517,Angels Fall517
GTA V518,Steam VR518,Dearly Beloved518
GTA V519,Steam VR519,Angels Fall519
GTA V520,Steam VR520,Viva La Vida520
Portal 2521,Steam Workshop521,America521
OneShot522,Steam Workshop522,Carry on522
OneShot523,Steam Workshop523,Dearly Beloved523
Garry's Mod524,Wallpaper Engine524,America524
GTA V525,Steam Workshop525,Dearly Beloved525
Garry's Mod526,Steam Workshop526,Viva La Vida526
Portal 2527,Wallpaper Engine527,Carry on527
Left 4 Dead 2528,Wallpaper Engine528,Dearly Beloved528
Team Fortress 2529,Steam VR529,Carry on529
Garry's Mod530,Steam VR530,Carry on530
GTA V531,Wallpaper Engine531,America531
Garry's Mod532,Steam VR532,America532
Garry's Mod533,Steam Workshop533,Angels Fall533
Team Fortress 2534,Steam Workshop534,America534
Counter-Strike535,Wallpaper Engine535,Angels Fall535
GTA V536,Wallpaper Engine536,Angels Fall536
Left 4 Dead 2537,Wallpaper Engine537,Angels Fall537
Garry's Mod538,Steam Workshop538,Carry on538
OneShot539,Steam Workshop539,Angels Fall539
Team Fortress 2540,Steam VR540,Carry on540
Portal 2541,Steam VR541,America541
Portal 2542,Steam Workshop542,Viva La Vida542
GTA V543,Steam Workshop543,Angels Fall543
Left 4 Dead 2544,Wallpaper Engine544,Carry on544
Counter-Strike545,Wallpaper Engine545,Angels Fall545
Team Fortress 2546,Wallpaper Engine546,Dearly Beloved546
Counter-Strike547,Wallpaper Engine547,America547
Left 4 Dead 2548,Wallpaper Engine548,Carry on548
Portal 2549,Steam Workshop549,Angels Fall549
Garry's Mod550,Steam Workshop550,Dearly Beloved550
Counter-Strike551,Steam VR551,Dearly Beloved551
Left 4 Dead 2552,Steam Workshop552,Viva La Vida552
Portal 2553,Steam VR553,Angels Fall553
Counter-Strike554,Steam Workshop554,Angels Fall554
Left 4 Dead 2555,Steam VR555,Carry on555
Garry's Mod556,Wallpaper Engine556,Dearly Beloved556
Garry's Mod557,Steam Workshop557,America557
Garry's Mod558,Wallpaper Engine558,Dearly Beloved558
OneShot559,Steam Workshop559,Dearly Beloved559
Portal 2560,Steam Workshop560,Angels Fall560
OneShot561,Steam Workshop561,Angels Fall561
Garry's Mod562,Steam Workshop562,Dearly Beloved562
OneShot563,Steam Workshop563,America563
Counter-Strike564,Steam VR564,Angels Fall564
OneShot565,Wallpaper Engine565,Dearly Beloved565
OneShot566,Wallpaper Engine566,Dearly Beloved566
GTA V567,Wallpaper Engine567,Carry on567
Team Fortress 2568,Wallpaper Engine568,Viva La Vida568
OneShot569,Wallpaper Engine569,Viva La Vida569
Counter-Strike570,Steam VR570,Carry on570
Garry's Mod571,Steam Workshop571,America571
Left 4 Dead 2572,Wallpaper Engine572,Dearly Beloved572
Left 4 Dead 2573,Wallpaper Engine573,Dearly Beloved573
Portal 2574,Steam Workshop574,Carry on574
GTA V575,Steam VR575,Dearly Beloved575
Team Fortress 2576,Wallpaper Engine576,Carry on576
Garry's Mod577,Wallpaper Engine577,Angels Fall577
Garry's Mod578,Steam Workshop578,Carry on578
GTA V579,Steam Workshop579,Viva La Vida579
Team Fortress 2580,Wallpaper Engine580,Viva La Vida580
OneShot581,Wallpaper Engine581,Viva La Vida581
GTA V582,Steam Workshop582,Viva La Vida582
GTA V583,Steam VR583,America583
Portal 2584,Steam VR584,Dearly Beloved584
GTA V585,Steam Workshop585,America585
Left 4 Dead 2586,Wallpaper Engine586,Dearly Beloved586
GTA V587,Wallpaper Engine587,Carry on587
Garry's Mod588,Steam Workshop588,Angels Fall588
Garry's Mod589,Steam Workshop589,Viva La Vida589
Counter-Strike590,Steam VR590,Viva La Vida590
Team Fortress 2591,Wallpaper Engine591,Viva La Vida591
Portal 2592,Steam VR592,Viva La Vida592
GTA V593,Steam VR593,Angels Fall593
Portal 2594,Wallpaper Engine594,Dearly Beloved594
Counter-Strike595,Steam Workshop595,America595
Garry's Mod596,Wallpaper Engine596,Dearly Beloved596
GTA V597,Steam VR597,Carry on597
OneShot598,Steam VR598,Angels Fall598
Team Fortress 2599,Wallpaper Engine599,Carry on599
Left 4 Dead 2600,Steam Workshop600,Carry on600
Left 4 Dead 2601,Steam VR601,Viva La Vida601
OneShot602,Steam VR602,Carry on602
Portal 2603,Wallpaper Engine603,Carry on603
Portal 2604,Steam Workshop604,America604
Garry's Mod605,Wallpaper Engine605,Dearly Beloved605
GTA V606,Steam VR606,Angels Fall606
Garry's Mod607,Wallpaper Engine607,Carry on607
Garry's Mod608,Steam VR608,America608
Garry's Mod609,Steam VR609,America609
GTA V610,Wallpaper Engine610,America610
GTA V611,Wallpaper Engine611,Viva La Vida611
Portal 2612,Wallpaper Engine612,America612
Team Fortress 2613,Steam VR613,Viva La Vida613
OneShot614,Wallpaper Engine614,Viva La Vida614
Portal 2615,Steam Workshop615,Viva La Vida615
Garry's Mod616,Steam VR616,Dearly Beloved616
Left 4 Dead 2617,Wallpaper Engine617,Dearly Beloved617
Left 4 Dead 2618,Steam Workshop618,Dearly Beloved618
OneShot619,Steam Workshop619,Viva La Vida619
Portal 2620,Steam Workshop620,Carry on620
GTA V621,Steam Workshop621,Carry on621
GTA V622,Steam VR622,Dearly Beloved622
Portal 2623,Steam VR623,Carry on623
Team Fortress 2624,Wallpaper Engine624,Dearly Beloved624
Portal 2625,Wallpaper Engine625,Carry on625
Counter-Strike626,Steam VR626,Dearly Beloved626
Garry's Mod627,Steam Workshop627,Angels Fall627
GTA V628,Wallpaper Engine628,America628
OneShot629,Steam Workshop629,Carry on629
Left 4 Dead 2630,Steam Workshop630,Angels Fall630
Garry's Mod631,Steam Workshop631,Viva La Vida631
Left 4 Dead 2632,Steam VR632,Viva La Vida632
Counter-Strike633,Wallpaper Engine633,America633
OneShot634,Wallpaper Engine634,Carry on634
GTA V635,Wallpaper Engine635,Viva La Vida635
Garry's Mod636,Steam Workshop636,America636
Counter-Strike637,Wallpaper Engine637,America637
OneShot638,Steam VR638,America638
Counter-Strike639,Wallpaper Engine639,Carry on639
Left 4 Dead 2640,Steam VR640,America640
Left 4 Dead 2641,Steam VR641,Carry on641
Left 4 Dead 2642,Steam VR642,Viva La Vida642
Counter-Strike643,Wallpaper Engine643,Viva La Vida643
GTA V644,Steam VR644,Dearly Beloved644
Garry's Mod645,Steam VR645,America645
Garry's Mod646,Steam VR646,America646
Garry's Mod647,Steam VR647,Angels Fall647
Left 4 Dead 2648,Steam VR648,Angels Fall648
Team Fortress 2649,Wallpaper Engine649,America649
OneShot650,Steam Workshop650,Angels Fall650
Counter-Strike651,Wallpaper Engine651,America651
Left 4 Dead 2652,Steam VR652,Carry on652
Counter-Strike653,Wallpaper Engine653,Carry on653
Portal 2654,Wallpaper Engine654,America654
OneShot655,Steam Workshop655,Viva La Vida655
Left 4 Dead 2656,Steam Workshop656,Carry on656
Portal 2657,Steam Workshop657,Dearly Beloved657
Left 4 Dead 2658,Steam Workshop658,America658
Team Fortress 2659,Wallpaper Engine659,Carry on659
Left 4 Dead 2660,Steam Workshop660,America660
Left 4 Dead 2661,Wallpaper Engine661,Angels Fall661
Portal 2662,Steam VR662,Carry on662
OneShot663,Wallpaper Engine663,Dearly Beloved663
Garry's Mod664,Steam Workshop664,Dearly Beloved664
Team Fortress 2665,Steam Workshop665,Viva La Vida665
Garry's Mod666,Steam Workshop666,Dearly Beloved666
Counter-Strike667,Steam VR667,America667
Garry's Mod668,Steam VR668,Dearly Beloved668
Counter-Strike669,Steam VR669,Dearly Beloved669
Counter-Strike670,Steam Workshop670,Viva La Vida670
OneShot671,Wallpaper Engine671,America671
GTA V672,Steam Workshop672,America672
GTA V673,Wallpaper Engine673,Viva La Vida673
OneShot674,Wallpaper Engine674,Angels Fall674
Garry's Mod675,Wallpaper Engine675,America675
GTA V676,Steam VR676,Angels Fall676
Portal 2677,Wallpaper Engine677,Viva La Vida677
Portal 2678,Steam VR678,Angels Fall678
Portal 2679,Wallpaper Engine679,Carry on679
GTA V680,Steam Workshop680,Viva La Vida680
Left 4 Dead 2681,Steam VR681,Viva La Vida681
Portal 2682,Wallpaper Engine682,Carry on682
OneShot683,Steam Workshop683,Angels Fall683
Garry's Mod684,Wallpaper Engine684,Carry on684
Portal 2685,Wallpaper Engine685,Viva La Vida685
Left 4 Dead 2686,Wallpaper Engine686,Viva La Vida686
Left 4 Dead 2687,Steam Workshop687,Angels Fall687
GTA V688,Steam Workshop688,Viva La Vida688
Portal 2689,Steam VR689,Carry on689
Garry's Mod690,Steam Workshop690,Viva La Vida690
Portal 2691,Wallpaper Engine691,America691
Team Fortress 2692,Steam Workshop692,Angels Fall692
Team Fortress 2693,Steam Workshop693,America693
Team Fortress 2694,Wallpaper Engine694,America694
Team Fortress 2695,Steam Workshop695,America695
Portal 2696,Steam Workshop696,Angels Fall696
Garry's Mod697,Steam Workshop697,Angels Fall697
Portal 2698,Wallpaper Engine698,America698
Team Fortress 2699,Wallpaper Engine699,Carry on699
Garry's Mod700,Wallpaper Engine700,Carry on700
GTA V701,Steam Workshop701,Angels Fall701
GTA V702,Steam VR702,Dearly Beloved702
Left 4 Dead 2703,Steam Workshop703,Angels Fall703
Team Fortress 2704,Wallpaper Engine704,Carry on704
Team Fortress 2705,Steam Workshop705,Angels Fall705
Team Fortress 2706,Steam Workshop706,America706
OneShot707,Steam Workshop707,Viva La Vida707
Counter-Strike708,Steam VR708,Carry on708
Left 4 Dead 2709,Steam VR709,Angels Fall709
Garry's Mod710,Steam VR710,Carry on710
Garry's Mod711,Steam VR711,Viva La Vida711
OneShot712,Wallpaper Engine712,Carry on712
Garry's Mod713,Steam Workshop713,Viva La Vida713
Left 4 Dead 2714,Steam Workshop714,America714
Portal 2715,Steam Workshop715,Viva La Vida715
OneShot716,Steam VR716,Carry on716
Garry's Mod717,Wallpaper Engine717,America717
Garry's Mod718,Steam VR718,Viva La Vida718
Left 4 Dead 2719,Steam Workshop719,Dearly Beloved719
OneShot720,Steam Workshop720,America720
Garry's Mod721,Steam Workshop721,Dearly Beloved721
Team Fortress 2722,Steam VR722,America722
Left 4 Dead 2723,Wallpaper Engine723,America723
GTA V724,Steam VR724,America724
Portal 2725,Steam Workshop725,Viva La Vida725
GTA V726,Wallpaper Engine726,Angels Fall726
Left 4 Dead 2727,Steam VR727,Angels Fall727
Left 4 Dead 2728,Steam Workshop728,Angels Fall728
Portal 2729,Steam VR729,Carry on729
Garry's Mod730,Steam Workshop730,Angels Fall730
GTA V731,Steam VR731,America731
Left 4 Dead 2732,Steam VR732,Angels Fall732
Counter-Strike733,Wallpaper Engine733,Angels Fall733
OneShot734,Wallpaper Engine734,Angels Fall734
OneShot735,Wallpaper Engine735,Dearly Beloved735
Left 4 Dead 2736,Wallpaper Engine736,America736
Garry's Mod737,Steam Workshop737,America737
Counter-Strike738,Steam Workshop738,Dearly Beloved738
OneShot739,Steam VR739,America739
Garry's Mod740,Steam Workshop740,Carry on740
Garry's Mod741,Steam VR741,Viva La Vida741
Left 4 Dead 2742,Steam Workshop742,Angels Fall742
Portal 2743,Wallpaper Engine743,America743
Portal 2744,Steam VR744,America744
Garry's Mod745,Steam Workshop745,Angels Fall745
Counter-Strike746,Wallpaper Engine746,Viva La Vida746
Portal 2747,Steam VR747,Angels Fall747
Portal 2748,Wallpaper Engine748,Dearly Beloved748
GTA V749,Steam VR749,Dearly Beloved749
Left 4 Dead 2750,Steam Workshop750,Carry on750
Portal 2751,Steam Workshop751,Dearly Beloved751
OneShot752,Wallpaper Engine752,Dearly Beloved752
OneShot753,Steam Workshop753,America753
Left 4 Dead 2754,Wallpaper Engine754,Viva La Vida754
Counter-Strike755,Wallpaper Engine755,Dearly Beloved755
Team Fortress 2756,Steam Workshop756,Angels Fall756
Portal 2757,Steam Workshop757,Angels Fall757
Counter-Strike758,Wallpaper Engine758,Viva La Vida758
Team Fortress 2759,Wallpaper Engine759,America759
Garry's Mod760,Wallpaper Engine760,Carry on760
Counter-Strike761,Steam Workshop761,Carry on761
Left 4 Dead 2762,Wallpaper Engine762,America762
Portal 2763,Steam VR763,Dearly Beloved763
OneShot764,Steam VR764,Carry on764
Team Fortress 2765,Steam VR765,America765
Counter-Strike766,Steam VR766,Viva La Vida766
Left 4 Dead 2767,Steam VR767,Dearly Beloved767
Portal 2768,Steam VR768,Carry on768
Left 4 Dead 2769,Steam Workshop769,Carry on769
Portal 2770,Wallpaper Engine770,Dearly Beloved770
Left 4 Dead 2771,Wallpaper Engine771,Carry on771
OneShot772,Steam Workshop772,Dearly Beloved772
Team Fortress 2773,Wallpaper Engine773,America773
Portal 2774,Steam VR774,Dearly Beloved774
GTA V775,Steam VR775,America775
Counter-Strike776,Steam Workshop776,Carry on776
OneShot777,Wallpaper Engine777,America777
Team Fortress 2778,Steam Workshop778,America778
OneShot779,Steam VR779,Carry on779
Counter-Strike780,Steam VR780,Carry on780
Garry's Mod781,Steam VR781,America781
GTA V782,Wallpaper Engine782,Dearly Beloved782
Team Fortress 2783,Steam VR783,Carry on783
Portal 2784,Wallpaper Engine784,Viva La Vida784
Team Fortress 2785,Steam VR785,Angels Fall785
Portal 2786,Steam Workshop786,Angels Fall786
Portal 2787,Steam VR787,Carry on787
GTA V788,Wallpaper Engine788,Angels Fall788
Team Fortress 2789,Steam Workshop789,Angels Fall789
Garry's Mod790,Wallpaper Engine790,Carry on790
Counter-Strike791,Steam Workshop791,Dearly Beloved791
Portal 2792,Wallpaper Engine792,Angels Fall792
Garry's Mod793,Wallpaper Engine793,Carry on793
Team Fortress 2794,Wallpaper Engine794,Angels Fall794
Team Fortress 2795,Steam Workshop795,Carry on795
GTA V796,Steam Workshop796,Dearly Beloved796
Garry's Mod797,Steam Workshop797,America797
Left 4 Dead 2798,Steam Workshop798,Dearly Beloved798
Team Fortress 2799,Steam Workshop799,Carry on799
GTA V800,Wallpaper Engine800,Angels Fall800
Left 4 Dead 2801,Steam VR801,Carry on801
GTA V802,Steam VR802,Carry on802
Portal 2803,Wallpaper Engine803,Angels Fall803
Counter-Strike804,Steam Workshop804,Angels Fall804
Garry's Mod805,Wallpaper Engine805,America805
Portal 2806,Steam Workshop806,America806
Left 4 Dead 2807,Steam Workshop807,Angels Fall807
Counter-Strike808,Steam VR808,Viva La Vida808
Team Fortress 2809,Steam Workshop809,Angels Fall809
Left 4 Dead 2810,Steam VR810,Angels Fall810
Portal 2811,Steam Workshop811,Viva La Vida811
Portal 2812,Steam Workshop812,Carry on812
Garry's Mod813,Steam VR813,Dearly Beloved813
Portal 2814,Steam VR814,Viva La Vida814
Team Fortress 2815,Steam VR815,Dearly Beloved815
Team Fortress 2816,Steam VR816,Dearly Beloved816
Counter-Strike817,Wallpaper Engine817,Carry on817
Team Fortress 2818,Wallpaper Engine818,Carry on818
Counter-Strike819,Steam VR819,Angels Fall819
Portal 2820,Steam VR820,Dearly Beloved820
Counter-Strike821,Wallpaper Engine821,Angels Fall821
OneShot822,Steam VR822,Viva La Vida822
Left 4 Dead 2823,Steam Workshop823,Carry on823
OneShot824,Steam Workshop824,America824
Left 4 Dead 2825,Steam VR825,Dearly Beloved825
Garry's Mod826,Steam VR826,Viva La Vida826
Portal 2827,Wallpaper Engine827,Carry on827
Team Fortress 2828,Steam VR828,Viva La Vida828
Counter-Strike829,Steam Workshop829,Dearly Beloved829
Portal 2830,Steam VR830,America830
GTA V831,Steam Workshop831,Viva La Vida831
Portal 2832,Steam Workshop832,America832
GTA V833,Steam Workshop833,Viva La Vida833
Portal 2834,Wallpaper Engine834,Angels Fall834
Counter-Strike835,Wallpaper Engine835,Angels Fall835
Garry's Mod836,Steam VR836,Viva La Vida836
Garry's Mod837,Wallpaper Engine837,Angels Fall837
Team Fortress 2838,Steam Workshop838,Viva La Vida838
Portal 2839,Steam Workshop839,Angels Fall839
Garry's Mod840,Wallpaper Engine840,Dearly Beloved840
OneShot841,Steam VR841,America841
OneShot842,Steam VR842,Angels Fall842
OneShot843,Steam VR843,Dearly Beloved843
Team Fortress 2844,Steam VR844,Angels Fall844
Counter-Strike845,Wallpaper Engine845,Carry on845
Left 4 Dead 2846,Steam Workshop846,Angels Fall846
OneShot847,Steam Workshop847,Angels Fall847
Left 4 Dead 2848,Wallpaper Engine848,Angels Fall848
Garry's Mod849,Steam Workshop849,America849
Team Fortress 2850,Steam Workshop850,America850
Team Fortress 2851,Steam VR851,Dearly Beloved851
OneShot852,Wallpaper Engine852,Angels Fall852
Counter-Strike853,Steam Workshop853,America853
Left 4 Dead 2854,Steam VR854,Angels Fall854
Counter-Strike855,Wallpaper Engine855,Viva La Vida855
Team Fortress 2856,Wallpaper Engine856,Angels Fall856
OneShot857,Wallpaper Engine857,Angels Fall857
OneShot858,Wallpaper Engine858,Carry on858
OneShot859,Steam Workshop859,Angels Fall859
Left 4 Dead 2860,Wallpaper Engine860,America860
OneShot861,Wallpaper Engine861,Carry on861
Garry's Mod862,Steam VR862,Dearly Beloved862
OneShot863,Steam VR863,Viva La Vida863
OneShot864,Steam VR864,Carry on864
Counter-Strike865,Steam VR865,Viva La Vida865
Left 4 Dead 2866,Wallpaper Engine866,Viva La Vida866
Team Fortress 2867,Steam Workshop867,Dearly Beloved867
OneShot868,Steam Workshop868,Viva La Vida868
Team Fortress 2869,Steam Workshop869,Dearly Beloved869
Team Fortress 2870,Wallpaper Engine870,America870
Team Fortress 2871,Steam Workshop871,America871
GTA V872,Wallpaper Engine872,America872
Portal 2873,Wallpaper Engine873,Viva La Vida873
GTA V874,Steam VR874,Dearly Beloved874
Team Fortress 2875,Wallpaper Engine875,Carry on875
Team Fortress 2876,Steam VR876,Angels Fall876
Counter-Strike877,Steam Workshop877,Angels Fall877
Garry's Mod878,Steam Workshop878,Carry on878
Left 4 Dead 2879,Wallpaper Engine879,Angels Fall879
Counter-Strike880,Steam VR880,America880
GTA V881,Steam VR881,Angels Fall881
Portal 2882,Steam Workshop882,America882
GTA V883,Steam VR883,America883
Garry's Mod884,Wallpaper Engine884,Angels Fall884
Left 4 Dead 2885,Wallpaper Engine885,America885
Portal 2886,Steam Workshop886,Angels Fall886
Portal 2887,Steam Workshop887,Dearly Beloved887
Counter-Strike888,Wallpaper Engine888,Dearly Beloved888
Counter-Strike889,Wallpaper Engine889,America889
Counter-Strike890,Steam VR890,America890
OneShot891,Steam VR891,Carry on891
Garry's Mod892,Steam Workshop892,Angels Fall892
Garry's Mod893,Steam VR893,America893
Team Fortress 2894,Wallpaper Engine894,Dearly Beloved894
GTA V895,Steam VR895,Viva La Vida895
GTA V896,Steam VR896,Viva La Vida896
Garry's Mod897,Wallpaper Engine897,Viva La Vida897
Team Fortress 2898,Steam VR898,Angels Fall898
OneShot899,Steam VR899,Dearly Beloved899
GTA V900,Steam VR900,Viva La Vida900
GTA V901,Steam Workshop901,Viva La Vida901
Team Fortress 2902,Steam VR902,Angels Fall902
Counter-Strike903,Wallpaper Engine903,America903
OneShot904,Steam VR904,Carry on904
Team Fortress 2905,Steam VR905,Carry on905
Team Fortress 2906,Steam VR906,Viva La Vida906
Left 4 Dead 2907,Steam Workshop907,Dearly Beloved907
GTA V908,Wallpaper Engine908,America908
GTA V909,Wallpaper Engine909,Angels Fall909
OneShot910,Wallpaper Engine910,Dearly Beloved910
Left 4 Dead 2911,Wallpaper Engine911,Viva La Vida911
Left 4 Dead 2912,Steam Workshop912,Angels Fall912
Garry's Mod913,Steam VR913,Carry on913
Team Fortress 2914,Wallpaper Engine914,America914
Team Fortress 2915,Steam VR915,Carry on915
Team Fortress 2916,Steam Workshop916,Carry on916
Garry's Mod917,Steam Workshop917,Angels Fall917
Team Fortress 2918,Steam Workshop918,Dearly Beloved918
Garry's Mod919,Steam VR919,America919
Counter-Strike920,Wallpaper Engine920,Carry on920
Team Fortress 2921,Steam Workshop921,Angels Fall921
Garry's Mod922,Steam VR922,Viva La Vida922
Team Fortress 2923,Steam VR923,Angels Fall923
OneShot924,Wallpaper Engine924,Carry on924
Counter-Strike925,Steam VR925,Dearly Beloved925
Counter-Strike926,Steam VR926,Angels Fall926
Team Fortress 2927,Steam Workshop927,Dearly Beloved927
OneShot928,Steam VR928,Angels Fall928
Portal 2929,Steam Workshop929,Dearly Beloved929
Team Fortress 2930,Wallpaper Engine930,Dearly Beloved930
Portal 2931,Steam Workshop931,Dearly Beloved931
Garry's Mod932,Steam Workshop932,Viva La Vida932
Left 4 Dead 2933,Steam VR933,Viva La Vida933
Garry's Mod934,Wallpaper Engine934,Viva La Vida934
Left 4 Dead 2935,Steam Workshop935,Dearly Beloved935
OneShot936,Steam VR936,America936
GTA V937,Wallpaper Engine937,Dearly Beloved937
OneShot938,Steam Workshop938,Viva La Vida938
Left 4 Dead 2939,Steam VR939,Viva La Vida939
Counter-Strike940,Wallpaper Engine940,Carry on940
Garry's Mod941,Wallpaper Engine941,Carry on941
OneShot942,Wallpaper Engine942,Angels Fall942
Team Fortress 2943,Steam VR943,Angels Fall943
Left 4 Dead 2944,Steam VR944,Viva La Vida944
GTA V945,Steam Workshop945,America945
OneShot946,Wallpaper Engine946,Viva La Vida946
GTA V947,Steam Workshop947,Carry on947
Portal 2948,Wallpaper Engine948,America948
Portal 2949,Wallpaper Engine949,Viva La Vida949
OneShot950,Wallpaper Engine950,Dearly Beloved950
Left 4 Dead 2951,Steam Workshop951,America951
GTA V952,Steam VR952,Dearly Beloved952
OneShot953,Wallpaper Engine953,Dearly Beloved953
OneShot954,Wallpaper Engine954,America954
GTA V955,Wallpaper Engine955,Angels Fall955
Team Fortress 2956,Steam VR956,Angels Fall956
Team Fortress 2957,Steam Workshop957,Viva La Vida957
Left 4 Dead 2958,Wallpaper Engine958,Angels Fall958
Left 4 Dead 2959,Steam VR959,Viva La Vida959
Counter-Strike960,Steam Workshop960,Dearly Beloved960
Portal 2961,Wallpaper Engine961,Carry on961
Left 4 Dead 2962,Steam VR962,America962
GTA V963,Wallpaper Engine963,Dearly Beloved963
Garry's Mod964,Wallpaper Engine964,Viva La Vida964
GTA V965,Steam Workshop965,Angels Fall965
OneShot966,Steam VR966,Dearly Beloved966
Counter-Strike967,Steam Workshop967,America967
Counter-Strike968,Steam VR968,Dearly Beloved968
Garry's Mod969,Steam VR969,America969
OneShot970,Steam Workshop970,Carry on970
Team Fortress 2971,Wallpaper Engine971,Carry on971
OneShot972,Steam VR972,Dearly Beloved972
Garry's Mod973,Wallpaper Engine973,Viva La Vida973
Team Fortress 2974,Steam Workshop974,Viva La Vida974
OneShot975,Wallpaper Engine975,America975
Team Fortress 2976,Wallpaper Engine976,Carry on976
Portal 2977,Steam VR977,Angels Fall977
Team Fortress 2978,Steam VR978,Viva La Vida978
Garry's Mod979,Steam VR979,Viva La Vida979
OneShot980,Wallpaper Engine980,Dearly Beloved980
OneShot981,Wallpaper Engine981,Angels Fall981
Team Fortress 2982,Steam VR982,Carry on982
Garry's Mod983,Steam VR983,America983
Garry's Mod984,Steam Workshop984,Viva La Vida984
Garry's Mod985,Wallpaper Engine985,Dearly Beloved985
Team Fortress 2986,Steam VR986,Angels Fall986
Counter-Strike987,Steam VR987,America987
OneShot988,Wallpaper Engine988,Viva La Vida988
Garry's Mod989,Wallpaper Engine989,America989
Left 4 Dead 2990,Steam VR990,Viva La Vida990
GTA V991,Steam VR991,America991
Left 4 Dead 2992,Steam Workshop992,Angels Fall992
Team Fortress 2993,Wallpaper Engine993,Dearly Beloved993
Left 4 Dead 2994,Wallpaper Engine994,Viva La Vida994
Garry's Mod995,Steam VR995,America995
Team Fortress 2996,Steam VR996,America996
Left 4 Dead 2997,Steam VR997,America997
OneShot998,Steam Workshop998,America998
Team Fortress 2999,Wallpaper Engine999,America999
Team Fortress 21000,Wallpaper Engine1000,Angels Fall1000
