GTA V1,Steam Workshop1,Dearly Beloved1
GTA V2,Wallpaper Engine2,Carry on2
Portal 23,Steam Workshop3,Viva La Vida3
OneShot4,Wallpaper Engine4,Dearly Beloved4
OneShot5,Steam VR5,Angels Fall5
Garry's Mod6,Steam Workshop6,Viva La Vida6
GTA V7,Wallpaper Engine7,Carry on7
OneShot8,Steam Workshop8,Angels Fall8
GTA V9,Steam Workshop9,Angels Fall9
Portal 210,Wallpaper Engine10,Dearly Beloved10
Portal 211,Wallpaper Engine11,Dearly Beloved11
GTA V12,Steam Workshop12,Angels Fall12
GTA V13,Wallpaper Engine13,Carry on13
OneShot14,Wallpaper Engine14,America14
Portal 215,Wallpaper Engine15,Viva La Vida15
GTA V16,Steam Workshop16,Dearly Beloved16
Garry's Mod17,Wallpaper Engine17,Carry on17
Team Fortress 218,Wallpaper Engine18,Viva La Vida18
GTA V19,Steam Workshop19,America19
GTA V20,Steam VR20,Carry on20
GTA V21,Steam VR21,Dearly Beloved21
Left 4 Dead 222,Wallpaper Engine22,Carry on22
Portal 223,Steam VR23,America23
Team Fortress 224,Steam VR24,America24
Garry's Mod25,Wallpaper Engine25,America25
Left 4 Dead 226,Steam VR26,Carry on26
Counter-Strike27,Steam Workshop27,Dearly Beloved27
Counter-Strike28,Steam VR28,America28
Portal 229,Steam Workshop29,Carry on29
OneShot30,Wallpaper Engine30,Carry on30
OneShot31,Steam Workshop31,Carry on31
Left 4 Dead 232,Wallpaper Engine32,Carry on32
GTA V33,Steam VR33,Carry on33
Counter-Strike34,Steam Workshop34,Viva La Vida34
OneShot35,Wallpaper Engine35,Viva La Vida35
GTA V36,Wallpaper Engine36,Carry on36
Team Fortress 237,Steam VR37,Carry on37
Portal 238,Steam Workshop38,Angels Fall38
GTA V39,Steam VR39,Angels Fall39
OneShot40,Wallpaper Engine40,Viva La Vida40
Portal 241,Steam VR41,Carry on41
OneShot42,Steam VR42,Viva La Vida42
GTA V43,Steam Workshop43,America43
OneShot44,Steam Workshop44,Dearly Beloved44
Portal 245,Steam Workshop45,America45
Team Fortress 246,Steam VR46,Carry on46
Team Fortress 247,Wallpaper Engine47,Carry on47
Left 4 Dead 248,Steam Workshop48,Carry on48
Garry's Mod49,Steam Workshop49,America49
Counter-Strike50,Steam Workshop50,Dearly Beloved50
Team Fortress 251,Steam VR51,Viva La Vida51
OneShot52,Steam VR52,Viva La Vida52
OneShot53,Wallpaper Engine53,Viva La Vida53
Counter-Strike54,Steam Workshop54,Angels Fall54
GTA V55,Steam VR55,Angels Fall55
Counter-Strike56,Steam VR56,Dearly Beloved56
GTA V57,Steam VR57,Carry on57
Garry's Mod58,Steam Workshop58,Carry on58
Garry's Mod59,Wallpaper Engine59,Carry on59
Portal 260,Steam VR60,America60
OneShot61,Steam Workshop61,America61
Team Fortress 262,Steam Workshop62,America62
Left 4 Dead 263,Steam Workshop63,Angels Fall63
Left 4 Dead 264,Wallpaper Engine64,America64
Counter-Strike65,Wallpaper Engine65,Angels Fall65
Portal 266,Steam VR66,America66
Counter-Strike67,Wallpaper Engine67,America67
Portal 268,Steam VR68,America68
Counter-Strike69,Wallpaper Engine69,Angels Fall69
Portal 270,Wallpaper Engine70,Viva La Vida70
OneShot71,Steam VR71,Carry on71
Garry's Mod72,Steam Workshop72,America72
Team Fortress 273,Wallpaper Engine73,Viva La Vida73
Portal 274,Wallpaper Engine74,America74
OneShot75,Steam VR75,Viva La Vida75
Left 4 Dead 276,Wallpaper Engine76,Angels Fall76
Left 4 Dead 277,Steam Workshop77,Carry on77
Garry's Mod78,Steam Workshop78,America78
Portal 279,Steam Workshop79,Angels Fall79
Garry's Mod80,Steam Workshop80,America80
Portal 281,Steam VR81,Viva La Vida81
Counter-Strike82,Steam VR82,Carry on82
Portal 283,Wallpaper Engine83,America83
OneShot84,Steam Workshop84,Angels Fall84
GTA V85,Steam VR85,Angels Fall85
Portal 286,Steam Workshop86,Dearly Beloved86
Garry's Mod87,Steam Workshop87,Carry on87
OneShot88,Steam Workshop88,Dearly Beloved88
Team Fortress 289,Steam Workshop89,America89
Left 4 Dead 290,Wallpaper Engine90,Dearly Beloved90
GTA V91,Wallpaper Engine91,Angels Fall91
Counter-Strike92,Steam Workshop92,Carry on92
Team Fortress 293,Wallpaper Engine93,America93
Left 4 Dead 294,Wallpaper Engine94,Carry on94
Portal 295,Steam VR95,Viva La Vida95
Left 4 Dead 296,Steam VR96,Dearly Beloved96
Left 4 Dead 297,Wallpaper Engine97,Viva La Vida97
GTA V98,Steam VR98,America98
Portal 299,Wallpaper Engine99,Viva La Vida99
Garry's Mod100,Steam VR100,America100
Garry's Mod101,Steam VR101,Viva La Vida101
Left 4 Dead 2102,Steam Workshop102,Dearly Beloved102
Team Fortress 2103,Wallpaper Engine103,America103
GTA V104,Steam VR104,Angels Fall104
Left 4 Dead 2105,Steam Workshop105,America105
Garry's Mod106,Steam Workshop106,America106
Counter-Strike107,Steam Workshop107,Dearly Beloved107
Left 4 Dead 2108,Wallpaper Engine108,America108
Team Fortress 2109,Wallpaper Engine109,Viva La Vida109
GTA V110,Steam Workshop110,Carry on110
Counter-Strike111,Steam VR111,Viva La Vida111
Garry's Mod112,Steam VR112,America112
GTA V113,Steam Workshop113,Dearly Beloved113
GTA V114,Wallpaper Engine114,Viva La Vida114
Left 4 Dead 2115,Steam Workshop115,Angels Fall115
Left 4 Dead 2116,Wallpaper Engine116,Angels Fall116
GTA V117,Wallpaper Engine117,America117
GTA V118,Wallpaper Engine118,America118
OneShot119,Wallpaper Engine119,Carry on119
Team Fortress 2120,Steam Workshop120,Dearly Beloved120
Garry's Mod121,Steam VR121,America121
Garry's Mod122,Steam Workshop122,Viva La Vida122
Portal 2123,Steam VR123,Carry on123
Garry's Mod124,Steam VR124,Viva La Vida124
Team Fortress 2125,Wallpaper Engine125,America125
Portal 2126,Steam Workshop126,Carry on126
OneShot127,Steam Workshop127,America127
Left 4 Dead 2128,Steam Workshop128,Angels Fall128
Counter-Strike129,Steam Workshop129,Angels Fall129
GTA V130,Steam VR130,Dearly Beloved130
Left 4 Dead 2131,Wallpaper Engine131,America131
GTA V132,Steam Workshop132,Viva La Vida132
OneShot133,Steam VR133,Carry on133
Left 4 Dead 2134,Steam Workshop134,Dearly Beloved134
Team Fortress 2135,Steam Workshop135,America135
Portal 2136,Steam Workshop136,Viva La Vida136
OneShot137,Steam Workshop137,Dearly Beloved137
Counter-Strike138,Steam Workshop138,Viva La Vida138
Garry's Mod139,Steam VR139,America139
OneShot140,Steam VR140,Carry on140
OneShot141,Steam Workshop141,Dearly Beloved141
Garry's Mod142,Wallpaper Engine142,Viva La Vida142
Team Fortress 2143,Steam Workshop143,Angels Fall143
Team Fortress 2144,Steam Workshop144,Viva La Vida144
Garry's Mod145,Wallpaper Engine145,Angels Fall145
Garry's Mod146,Wallpaper Engine146,America146
OneShot147,Wallpaper Engine147,Viva La Vida147
Team Fortress 2148,Wallpaper Engine148,America148
Left 4 Dead 2149,Wallpaper Engine149,Viva La Vida149
Portal 2150,Steam VR150,Angels Fall150
Team Fortress 2151,Steam VR151,America151
OneShot152,Steam VR152,Carry on152
Left 4 Dead 2153,Steam VR153,Angels Fall153
OneShot154,Wallpaper Engine154,Carry on154
GTA V155,Wallpaper Engine155,Carry on155
OneShot156,Steam Workshop156,America156
OneShot157,Steam VR157,Dearly Beloved157
Portal 2158,Wallpaper Engine158,Carry on158
Garry's Mod159,Wallpaper Engine159,Carry on159
Garry's Mod160,Steam VR160,Angels Fall160
Portal 2161,Steam VR161,America161
Left 4 Dead 2162,Steam Workshop162,Angels Fall162
Garry's Mod163,Wallpaper Engine163,Carry on163
OneShot164,Wallpaper Engine164,Dearly Beloved164
OneShot165,Wallpaper Engine165,Carry on165
GTA V166,Steam Workshop166,America166
Team Fortress 2167,Steam Workshop167,Viva La Vida167
Portal 2168,Steam VR168,Viva La Vida168
GTA V169,Steam VR169,Angels Fall169
GTA V170,Wallpaper Engine170,America170
OneShot171,Steam VR171,America171
Counter-Strike172,Wallpaper Engine172,America172
Counter-Strike173,Wallpaper Engine173,America173
GTA V174,Wallpaper Engine174,Viva La Vida174
Left 4 Dead 2175,Steam Workshop175,Angels Fall175
Team Fortress 2176,Steam Workshop176,America176
Garry's Mod177,Steam VR177,Angels Fall177
Counter-Strike178,Steam Workshop178,Viva La Vida178
Portal 2179,Steam VR179,Dearly Beloved179
Portal 2180,Wallpaper Engine180,Carry on180
OneShot181,Steam VR181,America181
Left 4 Dead 2182,Steam VR182,Dearly Beloved182
Portal 2183,Wallpaper Engine183,Viva La Vida183
Counter-Strike184,Steam VR184,Dearly Beloved184
OneShot185,Wallpaper Engine185,Angels Fall185
Left 4 Dead 2186,Wallpaper Engine186,Viva La Vida186
OneShot187,Steam Workshop187,Carry on187
Left 4 Dead 2188,Steam Workshop188,America188
Team Fortress 2189,Wallpaper Engine189,America189
Counter-Strike190,Steam Workshop190,America190
GTA V191,Wallpaper Engine191,America191
Team Fortress 2192,Wallpaper Engine192,Viva La Vida192
Left 4 Dead 2193,Wallpaper Engine193,Carry on193
GTA V194,Steam Workshop194,Dearly Beloved194
Left 4 Dead 2195,Steam Workshop195,Viva La Vida195
Left 4 Dead 2196,Wallpaper Engine196,America196
Counter-Strike197,Steam VR197,Viva La Vida197
Team Fortress 2198,Steam VR198,Dearly Beloved198
OneShot199,Steam Workshop199,Angels Fall199
Counter-Strike200,Steam VR200,Carry on200
Counter-Strike201,Steam Workshop201,Dearly Beloved201
Counter-Strike202,Steam VR202,Carry on202
Counter-Strike203,Wallpaper Engine203,America203
Garry's Mod204,Steam VR204,America204
Team Fortress 2205,Steam Workshop205,Dearly Beloved205
Portal 2206,Steam VR206,Carry on206
Left 4 Dead 2207,Steam VR207,Viva La Vida207
Team Fortress 2208,Steam Workshop208,Carry on208
OneShot209,Steam Workshop209,Dearly Beloved209
Team Fortress 2210,Wallpaper Engine210,America210
Counter-Strike211,Steam Workshop211,Viva La Vida211
OneShot212,Steam Workshop212,Viva La Vida212
Left 4 Dead 2213,Wallpaper Engine213,Dearly Beloved213
OneShot214,Steam VR214,Viva La Vida214
Garry's Mod215,Steam VR215,Viva La Vida215
Counter-Strike216,Steam Workshop216,Angels Fall216
GTA V217,Steam Workshop217,Carry on217
Left 4 Dead 2218,Steam Workshop218,Dearly Beloved218
Counter-Strike219,Steam VR219,Viva La Vida219
Team Fortress 2220,Wallpaper Engine220,Angels Fall220
Team Fortress 2221,Steam Workshop221,Dearly Beloved221
GTA V222,Steam VR222,America222
Left 4 Dead 2223,Wallpaper Engine223,Carry on223
Garry's Mod224,Wallpaper Engine224,Dearly Beloved224
GTA V225,Steam VR225,Dearly Beloved225
Left 4 Dead 2226,Wallpaper Engine226,Viva La Vida226
Portal 2227,Wallpaper Engine227,Viva La Vida227
Counter-Strike228,Wallpaper Engine228,America228
Left 4 Dead 2229,Steam Workshop229,Viva La Vida229
Garry's Mod230,Wallpaper Engine230,Carry on230
Team Fortress 2231,Wallpaper Engine231,Angels Fall231
OneShot232,Steam VR232,Viva La Vida232
Left 4 Dead 2233,Steam VR233,Angels Fall233
Garry's Mod234,Steam VR234,Dearly Beloved234
OneShot235,Steam VR235,America235
Portal 2236,Steam Workshop236,America236
Left 4 Dead 2237,Wallpaper Engine237,Carry on237
Left 4 Dead 2238,Wallpaper Engine238,America238
GTA V239,Steam VR239,America239
Portal 2240,Steam Workshop240,Carry on240
Counter-Strike241,Steam VR241,Dearly Beloved241
OneShot242,Wallpaper Engine242,Dearly Beloved242
Portal 2243,Steam VR243,Dearly Beloved243
OneShot244,Steam VR244,Viva La Vida244
Counter-Strike245,Steam Workshop245,Carry on245
Garry's Mod246,Steam VR246,Viva La Vida246
Counter-Strike247,Wallpaper Engine247,Viva La Vida247
Team Fortress 2248,Steam VR248,Viva La Vida248
Counter-Strike249,Steam VR249,Carry on249
Garry's Mod250,Steam Workshop250,Carry on250
Portal 2251,Steam VR251,Viva La Vida251
Left 4 Dead 2252,Steam Workshop252,Angels Fall252
Counter-Strike253,Wallpaper Engine253,Carry on253
Garry's Mod254,Steam Workshop254,Angels Fall254
Garry's Mod255,Steam Workshop255,Dearly Beloved255
Portal 2256,Wallpaper Engine256,Dearly Beloved256
OneShot257,Steam Workshop257,Angels Fall257
OneShot258,Steam VR258,Dearly Beloved258
Counter-Strike259,Wallpaper Engine259,America259
Left 4 Dead 2260,Wallpaper Engine260,Carry on260
Garry's Mod261,Steam VR261,Carry on261
Counter-Strike262,Steam Workshop262,Angels Fall262
Team Fortress 2263,Wallpaper Engine263,Carry on263
Left 4 Dead 2264,Wallpaper Engine264,Dearly Beloved264
OneShot265,Steam Workshop265,Viva La Vida265
OneShot266,Steam Workshop266,Carry on266
Garry's Mod267,Steam Workshop267,Carry on267
Team Fortress 2268,Wallpaper Engine268,Angels Fall268
Counter-Strike269,Steam VR269,America269
Garry's Mod270,Steam Workshop270,Carry on270
GTA V271,Steam VR271,America271
GTA V272,Steam VR272,Angels Fall272
Garry's Mod273,Steam VR273,Angels Fall273
Team Fortress 2274,Wallpaper Engine274,Carry on274
GTA V275,Steam VR275,Carry on275
Counter-Strike276,Steam VR276,America276
Counter-Strike277,Wallpaper Engine277,Dearly Beloved277
Counter-Strike278,Steam Workshop278,Angels Fall278
Garry's Mod279,Steam Workshop279,Viva La Vida279
Portal 2280,Steam VR280,Carry on280
Counter-Strike281,Wallpaper Engine281,Carry on281
Portal 2282,Steam VR282,Angels Fall282
GTA V283,Steam Workshop283,America283
Team Fortress 2284,Wallpaper Engine284,Angels Fall284
Left 4 Dead 2285,Steam VR285,Viva La Vida285
Garry's Mod286,Steam VR286,Viva La Vida286
Counter-Strike287,Steam VR287,Dearly Beloved287
OneShot288,Steam VR288,America288
GTA V289,Steam Workshop289,America289
Portal 2290,Steam VR290,Angels Fall290
Garry's Mod291,Steam Workshop291,Angels Fall291
Left 4 Dead 2292,Wallpaper Engine292,Viva La Vida292
Left 4 Dead 2293,Steam VR293,Dearly Beloved293
Garry's Mod294,Wallpaper Engine294,Viva La Vida294
Left 4 Dead 2295,Steam VR295,Dearly Beloved295
Team Fortress 2296,Wallpaper Engine296,Angels Fall296
Team Fortress 2297,Steam VR297,Carry on297
Counter-Strike298,Wallpaper Engine298,Viva La Vida298
Garry's Mod299,Steam VR299,Carry on299
Portal 2300,Wallpaper Engine300,Angels Fall300
Counter-Strike301,Steam VR301,Angels Fall301
Team Fortress 2302,Steam VR302,America302
Counter-Strike303,Steam Workshop303,America303
GTA V304,Steam Workshop304,Viva La Vida304
Portal 2305,Steam Workshop305,Viva La Vida305
Garry's Mod306,Steam VR306,Viva La Vida306
Garry's Mod307,Steam Workshop307,Viva La Vida307
Portal 2308,Wallpaper Engine308,Viva La Vida308
Left 4 Dead 2309,Steam Workshop309,Viva La Vida309
Portal 2310,Steam VR310,Dearly Beloved310
Counter-Strike311,Steam VR311,Carry on311
Portal 2312,Wallpaper Engine312,Carry on312
Team Fortress 2313,Steam VR313,Carry on313
Garry's Mod314,Steam VR314,America314
GTA V315,Wallpaper Engine315,Carry on315
Portal 2316,Wallpaper Engine316,Viva La Vida316
GTA V317,Steam VR317,Angels Fall317
Counter-Strike318,Wallpaper Engine318,Carry on318
GTA V319,Steam Workshop319,Angels Fall319
Counter-Strike320,Steam Workshop320,Angels Fall320
Portal 2321,Steam VR321,Angels Fall321
Left 4 Dead 2322,Wallpaper Engine322,Angels Fall322
Portal 2323,Steam Workshop323,Carry on323
OneShot324,Wallpaper Engine324,Angels Fall324
Team Fortress 2325,Steam Workshop325,America325
Left 4 Dead 2326,Steam Workshop326,Angels Fall326
GTA V327,Wallpaper Engine327,Dearly Beloved327
OneShot328,Wallpaper Engine328,Carry on328
GTA V329,Steam Workshop329,Viva La Vida329
Team Fortress 2330,Wallpaper Engine330,Viva La Vida330
GTA V331,Wallpaper Engine331,America331
GTA V332,Steam VR332,Carry on332
OneShot333,Steam Workshop333,Carry on333
OneShot334,Steam VR334,Carry on334
Counter-Strike335,Steam VR335,Carry on335
Team Fortress 2336,Wallpaper Engine336,Viva La Vida336
Left 4 Dead 2337,Steam VR337,Carry on337
Left 4 Dead 2338,Steam VR338,Angels Fall338
OneShot339,Wallpaper Engine339,Viva La Vida339
GTA V340,Wallpaper Engine340,Carry on340
Team Fortress 2341,Wallpaper Engine341,America341
OneShot342,Steam VR342,Viva La Vida342
OneShot343,Steam Workshop343,America343
GTA V344,Wallpaper Engine344,Viva La Vida344
Counter-Strike345,Steam Workshop345,America345
Garry's Mod346,Wallpaper Engine346,Dearly Beloved346
Portal 2347,Steam VR347,Viva La Vida347
Left 4 Dead 2348,Steam VR348,America348
Portal 2349,Wallpaper Engine349,America349
Garry's Mod350,Wallpaper Engine350,Dearly Beloved350
Portal 2351,Steam Workshop351,Dearly Beloved351
Portal 2352,Steam VR352,Angels Fall352
Portal 2353,Steam VR353,America353
OneShot354,Steam VR354,Carry on354
OneShot355,Steam Workshop355,America355
OneShot356,Steam Workshop356,Dearly Beloved356
GTA V357,Steam VR357,Viva La Vida357
OneShot358,Steam Workshop358,Dearly Beloved358
Garry's Mod359,Steam Workshop359,Carry on359
Counter-Strike360,Steam Workshop360,America360
Left 4 Dead 2361,Steam VR361,Viva La Vida361
Team Fortress 2362,Steam Workshop362,America362
OneShot363,Wallpaper Engine363,America363
Counter-Strike364,Steam Workshop364,America364
Counter-Strike365,Steam Workshop365,Carry on365
Team Fortress 2366,Wallpaper Engine366,Viva La Vida366
Portal 2367,Steam VR367,Carry on367
OneShot368,Steam Workshop368,Angels Fall368
Left 4 Dead 2369,Steam Workshop369,America369
GTA V370,Steam Workshop370,Viva La Vida370
OneShot371,Steam VR371,Angels Fall371
Counter-Strike372,Wallpaper Engine372,Angels Fall372
Garry's Mod373,Steam VR373,Angels Fall373
OneShot374,Steam VR374,Dearly Beloved374
Team Fortress 2375,Steam Workshop375,Viva La Vida375
Garry's Mod376,Steam VR376,Carry on376
Team Fortress 2377,Steam Workshop377,Angels Fall377
Team Fortress 2378,Steam VR378,Angels Fall378
OneShot379,Steam Workshop379,America379
Team Fortress 2380,Wallpaper Engine380,Dearly Beloved380
Left 4 Dead 2381,Wallpaper Engine381,Viva La Vida381
Left 4 Dead 2382,Wallpaper Engine382,Angels Fall382
Team Fortress 2383,Steam VR383,Carry on383
OneShot384,Steam Workshop384,America384
GTA V385,Wallpaper Engine385,Viva La Vida385
Team Fortress 2386,Steam VR386,Dearly Beloved386
GTA V387,Wallpaper Engine387,Dearly Beloved387
Counter-Strike388,Steam Workshop388,America388
OneShot389,Wallpaper Engine389,America389
Left 4 Dead 2390,Wallpaper Engine390,Carry on390
Counter-Strike391,Wallpaper Engine391,America391
Left 4 Dead 2392,Steam VR392,Carry on392
Counter-Strike393,Steam VR393,Carry on393
OneShot394,Wallpaper Engine394,Viva La Vida394
OneShot395,Steam VR395,Angels Fall395
Garry's Mod396,Steam VR396,America396
Portal 2397,Steam Workshop397,Dearly Beloved397
Counter-Strike398,Wallpaper Engine398,Viva La Vida398
GTA V399,Steam VR399,America399
Counter-Strike400,Steam Workshop400,Angels Fall400
Left 4 Dead 2401,Steam Workshop401,Viva La Vida401
Portal 2402,Steam Workshop402,Carry on402
Portal 2403,Wallpaper Engine403,Dearly Beloved403
Left 4 Dead 2404,Steam Workshop404,Carry on404
Portal 2405,Steam VR405,Angels Fall405
Garry's Mod406,Steam Workshop406,Viva La Vida406
Portal 2407,Wallpaper Engine407,Angels Fall407
Portal 2408,Steam Workshop408,Angels Fall408
Portal 2409,Steam VR409,Dearly Beloved409
GTA V410,Steam Workshop410,Carry on410
Left 4 Dead 2411,Steam VR411,Viva La Vida411
GTA V412,Steam VR412,Viva La Vida412
Team Fortress 2413,Steam VR413,Dearly Beloved413
Counter-Strike414,Steam Workshop414,Dearly Beloved414
Garry's Mod415,Steam VR415,Angels Fall415
Left 4 Dead 2416,Steam VR416,Dearly Beloved416
Garry's Mod417,Wallpaper Engine417,Angels Fall417
GTA V418,Steam VR418,America418
Team Fortress 2419,Steam VR419,Angels Fall419
OneShot420,Steam VR420,America420
Left 4 Dead 2421,Wallpaper Engine421,America421
GTA V422,Steam Workshop422,Angels Fall422
Portal 2423,Steam Workshop423,America423
Counter-Strike424,Wallpaper Engine424,Viva La Vida424
OneShot425,Wallpaper Engine425,America425
Left 4 Dead 2426,Steam VR426,America426
Garry's Mod427,Steam Workshop427,Carry on427
Team Fortress 2428,Wallpaper Engine428,Carry on428
Garry's Mod429,Steam Workshop429,Angels Fall429
GTA V430,Steam VR430,Angels Fall430
Team Fortress 2431,Steam Workshop431,Viva La Vida431
GTA V432,Steam VR432,Angels Fall432
Counter-Strike433,Steam VR433,Angels Fall433
Left 4 Dead 2434,Wallpaper Engine434,America434
Garry's Mod435,Steam VR435,America435
Left 4 Dead 2436,Wallpaper Engine436,Angels Fall436
Left 4 Dead 2437,Steam VR437,Viva La Vida437
OneShot438,Steam VR438,Angels Fall438
Portal 2439,Wallpaper Engine439,Carry on439
Left 4 Dead 2440,Steam VR440,Dearly Beloved440
Portal 2441,Wallpaper Engine441,Viva La Vida441
Portal 2442,Steam Workshop442,Viva La Vida442
Portal 2443,Wallpaper Engine443,Viva La Vida443
Counter-Strike444,Steam VR444,America444
Garry's Mod445,Steam Workshop445,Angels Fall445
OneShot446,Wallpaper Engine446,Angels Fall446
GTA V447,Wallpaper Engine447,Viva La Vida447
OneShot448,Steam VR448,Dearly Beloved448
GTA V449,Steam VR449,Angels Fall449
Counter-Strike450,Steam Workshop450,America450
Garry's Mod451,Steam VR451,Viva La Vida451
Counter-Strike452,Steam VR452,Dearly Beloved452
Garry's Mod453,Steam Workshop453,Carry on453
OneShot454,Wallpaper Engine454,Carry on454
Counter-Strike455,Steam Workshop455,Carry on455
Team Fortress 2456,Wallpaper Engine456,Viva La Vida456
OneShot457,Wallpaper Engine457,America457
GTA V458,Steam VR458,America458
Garry's Mod459,Wallpaper Engine459,Viva La Vida459
Team Fortress 2460,Wallpaper Engine460,Dearly Beloved460
Portal 2461,Steam Workshop461,Dearly Beloved461
Counter-Strike462,Steam Workshop462,Angels Fall462
Team Fortress 2463,Steam VR463,Carry on463
Counter-Strike464,Steam Workshop464,Angels Fall464
Garry's Mod465,Wallpaper Engine465,America465
Team Fortress 2466,Steam VR466,Viva La Vida466
Garry's Mod467,Steam Workshop467,America467
Portal 2468,Wallpaper Engine468,America468
Counter-Strike469,Steam VR469,Angels Fall469
Garry's Mod470,Steam Workshop470,Carry on470
Left 4 Dead 2471,Steam VR471,America471
OneShot472,Steam VR472,Carry on472
Portal 2473,Steam Workshop473,Dearly Beloved473
Left 4 Dead 2474,Steam VR474,Angels Fall474
Counter-Strike475,Wallpaper Engine475,Viva La Vida475
GTA V476,Steam Workshop476,Carry on476
Left 4 Dead 2477,Wallpaper Engine477,Angels Fall477
Counter-Strike478,Wallpaper Engine478,America478
Counter-Strike479,Steam Workshop479,Viva La Vida479
Garry's Mod480,Steam VR480,Viva La Vida480
Garry's Mod481,Steam Workshop481,America481
Team Fortress 2482,Steam VR482,Angels Fall482
Counter-Strike483,Wallpaper Engine483,Viva La Vida483
Left 4 Dead 2484,Steam VR484,America484
Garry's Mod485,Wallpaper Engine485,Viva La Vida485
Team Fortress 2486,Steam VR486,Carry on486
Counter-Strike487,Steam VR487,Dearly Beloved487
OneShot488,Steam Workshop488,Angels Fall488
Team Fortress 2489,Steam Workshop489,America489
Team Fortress 2490,Steam VR490,America490
Left 4 Dead 2491,Wallpaper Engine491,Angels Fall491
OneShot492,Steam VR492,America492
OneShot493,Steam Workshop493,Viva La Vida493
Garry's Mod494,Steam VR494,Viva La Vida494
Left 4 Dead 2495,Steam Workshop495,Viva La Vida495
Portal 2496,Steam VR496,America496
Portal 2497,Steam VR497,America497
Garry's Mod498,Wallpaper Engine498,America498
Portal 2499,Steam Workshop499,Dearly Beloved499
Left 4 Dead 2500,Steam VR500,Angels Fall500
Portal 2501,Wallpaper Engine501,America501
GTA V502,Wallpaper Engine502,Carry on502
Team Fortress 2503,Steam VR503,Carry on503
Counter-Strike504,Steam VR504,Angels Fall504
Counter-Strike505,Wallpaper Engine505,Viva La Vida505
Left 4 Dead 2506,Steam Workshop506,Carry on506
Team Fortress 2507,Steam VR507,Dearly Beloved507
GTA V508,Wallpaper Engine508,Carry on508
Team Fortress 2509,Steam Workshop509,Dearly Beloved509
Garry's Mod510,Wallpaper Engine510,Dearly Beloved510
Portal 2511,Wallpaper Engine511,Angels Fall511
Garry's Mod512,Wallpaper Engine512,Dearly Beloved512
Garry's Mod513,Steam VR513,Viva La Vida513
Counter-Strike514,Steam VR514,Carry on514
Counter-Strike515,Wallpaper Engine515,Carry on515
Garry's Mod516,Steam VR516,Dearly Beloved516
Left 4 Dead 2517,Steam VR517,Carry on517
Portal 2518,Steam VR518,Viva La Vida518
GTA V519,Steam Workshop519,Angels Fall519
Team Fortress 2520,Wallpaper Engine520,Viva La Vida520
OneShot521,Steam Workshop521,Viva La Vida521
Team Fortress 2522,Wallpaper Engine522,Dearly Beloved522
Portal 2523,Steam VR523,Dearly Beloved523
Left 4 Dead 2524,Steam VR524,Angels Fall524
OneShot525,Steam VR525,Dearly Beloved525
Team Fortress 2526,Steam Workshop526,America526
Portal 2527,Steam VR527,Viva La Vida527
Left 4 Dead 2528,Steam Workshop528,Viva La Vida528
OneShot529,Steam Workshop529,Angels Fall529
OneShot530,Wallpaper Engine530,Dearly Beloved530
Team Fortress 2531,Wallpaper Engine531,Viva La Vida531
Counter-Strike532,Wallpaper Engine532,Dearly Beloved532
Left 4 Dead 2533,Steam VR533,Angels Fall533
Counter-Strike534,Wallpaper Engine534,Angels Fall534
OneShot535,Steam Workshop535,Viva La Vida535
Left 4 Dead 2536,Steam VR536,Angels Fall536
Left 4 Dead 2537,Steam VR537,Carry on537
Left 4 Dead 2538,Steam VR538,Dearly Beloved538
Left 4 Dead 2539,Steam VR539,Carry on539
Left 4 Dead 2540,Steam Workshop540,Viva La Vida540
Left 4 Dead 2541,Wallpaper Engine541,Dearly Beloved541
Garry's Mod542,Steam Workshop542,Carry on542
Left 4 Dead 2543,Wallpaper Engine543,Viva La Vida543
Counter-Strike544,Wallpaper Engine544,Viva La Vida544
Portal 2545,Steam VR545,Viva La Vida545
Garry's Mod546,Steam Workshop546,Viva La Vida546
Left 4 Dead 2547,Wallpaper Engine547,Carry on547
Garry's Mod548,Steam Workshop548,Dearly Beloved548
Counter-Strike549,Steam Workshop549,Dearly Beloved549
Counter-Strike550,Wallpaper Engine550,Carry on550
Left 4 Dead 2551,Wallpaper Engine551,Angels Fall551
GTA V552,Steam Workshop552,America552
Team Fortress 2553,Steam VR553,Dearly Beloved553
Team Fortress 2554,Steam Workshop554,Viva La Vida554
Team Fortress 2555,Steam VR555,Viva La Vida555
OneShot556,Wallpaper Engine556,America556
OneShot557,Wallpaper Engine557,Dearly Beloved557
Counter-Strike558,Wallpaper Engine558,Carry on558
Left 4 Dead 2559,Steam VR559,America559
Counter-Strike560,Steam Workshop560,Dearly Beloved560
Portal 2561,Wallpaper Engine561,Dearly Beloved561
OneShot562,Steam VR562,Viva La Vida562
OneShot563,Steam VR563,America563
GTA V564,Steam VR564,Carry on564
Portal 2565,Steam Workshop565,Carry on565
Portal 2566,Steam VR566,Angels Fall566
Counter-Strike567,Steam Workshop567,Angels Fall567
Team Fortress 2568,Wallpaper Engine568,Angels Fall568
Left 4 Dead 2569,Wallpaper Engine569,Dearly Beloved569
OneShot570,Steam VR570,Viva La Vida570
Team Fortress 2571,Steam VR571,America571
OneShot572,Wallpaper Engine572,America572
GTA V573,Steam Workshop573,Angels Fall573
GTA V574,Wallpaper Engine574,Viva La Vida574
OneShot575,Wallpaper Engine575,Carry on575
GTA V576,Steam Workshop576,Carry on576
Portal 2577,Steam VR577,Viva La Vida577
Counter-Strike578,Steam VR578,America578
OneShot579,Steam VR579,Angels Fall579
Garry's Mod580,Steam Workshop580,Angels Fall580
Left 4 Dead 2581,Wallpaper Engine581,Carry on581
Portal 2582,Steam Workshop582,Angels Fall582
OneShot583,Wallpaper Engine583,Carry on583
Left 4 Dead 2584,Steam VR584,Viva La Vida584
OneShot585,Steam Workshop585,Angels Fall585
GTA V586,Steam Workshop586,Carry on586
Garry's Mod587,Steam VR587,America587
Left 4 Dead 2588,Steam Workshop588,Dearly Beloved588
GTA V589,Steam VR589,Angels Fall589
GTA V590,Steam VR590,Viva La Vida590
Team Fortress 2591,Steam VR591,Viva La Vida591
Counter-Strike592,Steam Workshop592,America592
GTA V593,Steam VR593,America593
Left 4 Dead 2594,Steam VR594,Angels Fall594
Counter-Strike595,Steam Workshop595,America595
Counter-Strike596,Wallpaper Engine596,America596
Team Fortress 2597,Wallpaper Engine597,Carry on597
Left 4 Dead 2598,Steam VR598,America598
Garry's Mod599,Wallpaper Engine599,Dearly Beloved599
Team Fortress 2600,Wallpaper Engine600,Viva La Vida600
GTA V601,Steam VR601,America601
Garry's Mod602,Steam Workshop602,Viva La Vida602
Garry's Mod603,Steam VR603,America603
Portal 2604,Steam VR604,Angels Fall604
OneShot605,Steam Workshop605,Viva La Vida605
Team Fortress 2606,Steam VR606,Dearly Beloved606
Team Fortress 2607,Steam Workshop607,Dearly Beloved607
Portal 2608,Wallpaper Engine608,Carry on608
Garry's Mod609,Wallpaper Engine609,Dearly Beloved609
OneShot610,Steam Workshop610,Angels Fall610
Team Fortress 2611,Steam VR611,Angels Fall611
Left 4 Dead 2612,Steam Workshop612,Dearly Beloved612
OneShot613,Steam VR613,Viva La Vida613
Portal 2614,Wallpaper Engine614,Angels Fall614
Team Fortress 2615,Steam VR615,Angels Fall615
GTA V616,Steam VR616,Angels Fall616
Team Fortress 2617,Steam VR617,Viva La Vida617
Portal 2618,Steam Workshop618,Carry on618
OneShot619,Steam Workshop619,Angels Fall619
Counter-Strike620,Steam VR620,America620
OneShot621,Wallpaper Engine621,Angels Fall621
OneShot622,Steam VR622,Viva La Vida622
Portal 2623,Wallpaper Engine623,Dearly Beloved623
Garry's Mod624,Steam VR624,Dearly Beloved624
Portal 2625,Wallpaper Engine625,Angels Fall625
Counter-Strike626,Steam VR626,Viva La Vida626
Portal 2627,Steam Workshop627,Angels Fall627
OneShot628,Wallpaper Engine628,America628
Portal 2629,Steam Workshop629,America629
Portal 2630,Steam Workshop630,Angels Fall630
GTA V631,Steam Workshop631,Dearly Beloved631
Portal 2632,Steam VR632,America632
Team Fortress 2633,Steam VR633,Carry on633
Garry's Mod634,Wallpaper Engine634,America634
GTA V635,Steam VR635,Angels Fall635
Garry's Mod636,Steam VR636,Carry on636
OneShot637,Steam Workshop637,America637
Left 4 Dead 2638,Wallpaper Engine638,America638
GTA V639,Steam VR639,Dearly Beloved639
Counter-Strike640,Steam VR640,America640
Counter-Strike641,Steam VR641,Angels Fall641
Portal 2642,Steam VR642,Carry on642
Left 4 Dead 2643,Wallpaper Engine643,America643
GTA V644,Steam Workshop644,Carry on644
OneShot645,Steam Workshop645,Carry on645
Team Fortress 2646,Steam VR646,Dearly Beloved646
Portal 2647,Wallpaper Engine647,Carry on647
Portal 2648,Steam Workshop648,Dearly Beloved648
Team Fortress 2649,Steam VR649,Dearly Beloved649
Left 4 Dead 2650,Steam Workshop650,Viva La Vida650
Left 4 Dead 2651,Wallpaper Engine651,Angels Fall651
Garry's Mod652,Wallpaper Engine652,America652
Left 4 Dead 2653,Steam VR653,Carry on653
Garry's Mod654,Steam VR654,Dearly Beloved654
Left 4 Dead 2655,Steam Workshop655,Angels Fall655
GTA V656,Steam Workshop656,Viva La Vida656
GTA V657,Steam VR657,Dearly Beloved657
Portal 2658,Steam VR658,America658
Team Fortress 2659,Steam VR659,Carry on659
Counter-Strike660,Steam VR660,Angels Fall660
GTA V661,Wallpaper Engine661,Viva La Vida661
GTA V662,Steam Workshop662,Viva La Vida662
Team Fortress 2663,Wallpaper Engine663,America663
Garry's Mod664,Wallpaper Engine664,Dearly Beloved664
Portal 2665,Wallpaper Engine665,America665
Portal 2666,Steam VR666,Carry on666
Left 4 Dead 2667,Steam VR667,Viva La Vida667
Portal 2668,Steam VR668,Angels Fall668
Portal 2669,Steam VR669,Carry on669
Left 4 Dead 2670,Wallpaper Engine670,Angels Fall670
OneShot671,Wallpaper Engine671,America671
OneShot672,Wallpaper Engine672,Viva La Vida672
OneShot673,Steam Workshop673,America673
Team Fortress 2674,Wallpaper Engine674,Dearly Beloved674
Counter-Strike675,Wallpaper Engine675,Viva La Vida675
Garry's Mod676,Steam Workshop676,Viva La Vida676
Portal 2677,Steam Workshop677,Carry on677
Portal 2678,Steam VR678,America678
Team Fortress 2679,Wallpaper Engine679,Viva La Vida679
Team Fortress 2680,Wallpaper Engine680,America680
Portal 2681,Steam Workshop681,Angels Fall681
Team Fortress 2682,Steam VR682,Angels Fall682
Left 4 Dead 2683,Steam VR683,Dearly Beloved683
Left 4 Dead 2684,Steam Workshop684,America684
Garry's Mod685,Steam VR685,Viva La Vida685
Garry's Mod686,Steam VR686,Dearly Beloved686
GTA V687,Steam Workshop687,Viva La Vida687
Portal 2688,Wallpaper Engine688,Dearly Beloved688
Counter-Strike689,Steam Workshop689,America689
Portal 2690,Steam VR690,Viva La Vida690
Garry's Mod691,Wallpaper Engine691,Carry on691
Left 4 Dead 2692,Wallpaper Engine692,Viva La Vida692
Garry's Mod693,Steam Workshop693,Dearly Beloved693
Left 4 Dead 2694,Wallpaper Engine694,Dearly Beloved694
Portal 2695,Wallpaper Engine695,Carry on695
Left 4 Dead 2696,Wallpaper Engine696,Angels Fall696
Garry's Mod697,Steam VR697,America697
OneShot698,Steam VR698,America698
OneShot699,Wallpaper Engine699,Viva La Vida699
Garry's Mod700,Steam VR700,America700
GTA V701,Wallpaper Engine701,Carry on701
Portal 2702,Steam VR702,Viva La Vida702
Garry's Mod703,Wallpaper Engine703,America703
Left 4 Dead 2704,Wallpaper Engine704,Dearly Beloved704
Counter-Strike705,Steam VR705,America705
Portal 2706,Steam Workshop706,Dearly Beloved706
Counter-Strike707,Wallpaper Engine707,Carry on707
Garry's Mod708,Wallpaper Engine708,Viva La Vida708
Portal 2709,Wallpaper Engine709,Angels Fall709
Team Fortress 2710,Wallpaper Engine710,Carry on710
OneShot711,Steam VR711,America711
Team Fortress 2712,Wallpaper Engine712,Angels Fall712
Garry's Mod713,Steam VR713,Carry on713
Garry's Mod714,Steam VR714,Angels Fall714
OneShot715,Steam Workshop715,America715
Portal 2716,Steam VR716,Viva La Vida716
OneShot717,Steam Workshop717,America717
GTA V718,Wallpaper Engine718,America718
Portal 2719,Steam Workshop719,Viva La Vida719
Portal 2720,Wallpaper Engine720,America720
Counter-Strike721,Wallpaper Engine721,Carry on721
Team Fortress 2722,Steam VR722,Angels Fall722
Counter-Strike723,Steam VR723,Angels Fall723
Counter-Strike724,Steam Workshop724,Angels Fall724
Team Fortress 2725,Steam VR725,Viva La Vida725
Portal 2726,Steam VR726,Carry on726
OneShot727,Steam VR727,Dearly Beloved727
Team Fortress 2728,Steam Workshop728,Carry on728
Left 4 Dead 2729,Steam Workshop729,Viva La Vida729
Left 4 Dead 2730,Wallpaper Engine730,Carry on730
Counter-Strike731,Steam VR731,Carry on731
Counter-Strike732,Wallpaper Engine732,America732
Team Fortress 2733,Steam VR733,Angels Fall733
Left 4 Dead 2734,Steam VR734,Dearly Beloved734
OneShot735,Steam Workshop735,Carry on735
Team Fortress 2736,Steam VR736,Dearly Beloved736
OneShot737,Wallpaper Engine737,Carry on737
Portal 2738,Steam Workshop738,Viva La Vida738
OneShot739,Wallpaper Engine739,America739
GTA V740,Steam Workshop740,Carry on740
Team Fortress 2741,Wallpaper Engine741,Carry on741
Portal 2742,Wallpaper Engine742,Viva La Vida742
Team Fortress 2743,Steam VR743,Viva La Vida743
Garry's Mod744,Wallpaper Engine744,Carry on744
Left 4 Dead 2745,Steam Workshop745,Angels Fall745
GTA V746,Steam VR746,Viva La Vida746
Portal 2747,Steam VR747,Dearly Beloved747
Garry's Mod748,Steam VR748,Carry on748
Team Fortress 2749,Steam VR749,America749
Garry's Mod750,Steam Workshop750,America750
Portal 2751,Wallpaper Engine751,America751
GTA V752,Steam Workshop752,Angels Fall752
Garry's Mod753,Steam Workshop753,Viva La Vida753
OneShot754,Wallpaper Engine754,Viva La Vida754
OneShot755,Steam Workshop755,Viva La Vida755
GTA V756,Wallpaper Engine756,Dearly Beloved756
Left 4 Dead 2757,Steam VR757,Angels Fall757
Garry's Mod758,Wallpaper Engine758,Viva La Vida758
Team Fortress 2759,Steam VR759,Viva La Vida759
GTA V760,Steam VR760,Angels Fall760
Counter-Strike761,Steam Workshop761,Viva La Vida761
Portal 2762,Steam VR762,Carry on762
Garry's Mod763,Wallpaper Engine763,Angels Fall763
Left 4 Dead 2764,Steam VR764,Carry on764
Garry's Mod765,Steam VR765,Viva La Vida765
GTA V766,Wallpaper Engine766,Carry on766
GTA V767,Wallpaper Engine767,Angels Fall767
GTA V768,Steam VR768,Angels Fall768
Garry's Mod769,Steam VR769,Dearly Beloved769
OneShot770,Wallpaper Engine770,Viva La Vida770
Counter-Strike771,Steam Workshop771,Viva La Vida771
Counter-Strike772,Wallpaper Engine772,Dearly Beloved772
GTA V773,Steam VR773,Angels Fall773
Team Fortress 2774,Steam VR774,Viva La Vida774
GTA V775,Steam VR775,America775
Counter-Strike776,Wallpaper Engine776,America776
OneShot777,Wallpaper Engine777,Viva La Vida777
GTA V778,Wallpaper Engine778,America778
Counter-Strike779,Steam VR779,Carry on779
Team Fortress 2780,Steam Workshop780,Carry on780
Garry's Mod781,Steam VR781,America781
Garry's Mod782,Steam Workshop782,America782
OneShot783,Steam VR783,Dearly Beloved783
Counter-Strike784,Steam Workshop784,Dearly Beloved784
Left 4 Dead 2785,Wallpaper Engine785,Angels Fall785
Portal 2786,Wallpaper Engine786,Carry on786
Portal 2787,Steam VR787,Viva La Vida787
OneShot788,Steam Workshop788,Viva La Vida788
Left 4 Dead 2789,Steam VR789,Carry on789
Portal 2790,Wallpaper Engine790,Carry on790
Counter-Strike791,Steam VR791,Viva La Vida791
Garry's Mod792,Steam Workshop792,America792
Counter-Strike793,Steam VR793,Viva La Vida793
OneShot794,Wallpaper Engine794,Dearly Beloved794
GTA V795,Steam Workshop795,America795
Left 4 Dead 2796,Steam VR796,Dearly Beloved796
Team Fortress 2797,Steam Workshop797,America797
Portal 2798,Steam Workshop798,Viva La Vida798
Counter-Strike799,Steam VR799,Angels Fall799
Team Fortress 2800,Wallpaper Engine800,Angels Fall800
Left 4 Dead 2801,Steam VR801,Viva La Vida801
GTA V802,Wallpaper Engine802,Viva La Vida802
Left 4 Dead 2803,Steam VR803,America803
GTA V804,Steam Workshop804,Viva La Vida804
OneShot805,Steam VR805,Angels Fall805
Garry's Mod806,Steam VR806,Carry on806
Garry's Mod807,Wallpaper Engine807,Carry on807
Garry's Mod808,Steam VR808,Angels Fall808
Counter-Strike809,Steam Workshop809,Viva La Vida809
Counter-Strike810,Steam VR810,Angels Fall810
Portal 2811,Steam Workshop811,Angels Fall811
Team Fortress 2812,Wallpaper Engine812,Viva La Vida812
OneShot813,Steam VR813,America813
Portal 2814,Wallpaper Engine814,America814
Portal 2815,Steam Workshop815,Dearly Beloved815
Portal 2816,Wallpaper Engine816,Viva La Vida816
Counter-Strike817,Wallpaper Engine817,Carry on817
OneShot818,Steam VR818,America818
Left 4 Dead 2819,Wallpaper Engine819,Dearly Beloved819
Garry's Mod820,Steam Workshop820,Carry on820
Portal 2821,Steam Workshop821,Angels Fall821
GTA V822,Steam VR822,Viva La Vida822
Team Fortress 2823,Steam Workshop823,Carry on823
Portal 2824,Steam VR824,Dearly Beloved824
OneShot825,Steam Workshop825,America825
GTA V826,Wallpaper Engine826,Carry on826
Portal 2827,Wallpaper Engine827,Angels Fall827
Portal 2828,Steam Workshop828,America828
Team Fortress 2829,Steam Workshop829,Carry on829
Team Fortress 2830,Wallpaper Engine830,Angels Fall830
Portal 2831,Steam VR831,Dearly Beloved831
GTA V832,Wallpaper Engine832,Viva La Vida832
Garry's Mod833,Wallpaper Engine833,Dearly Beloved833
Portal 2834,Steam VR834,Carry on834
GTA V835,Steam VR835,Viva La Vida835
Counter-Strike836,Steam Workshop836,Angels Fall836
OneShot837,Steam Workshop837,America837
Portal 2838,Steam VR838,Angels Fall838
Counter-Strike839,Wallpaper Engine839,Carry on839
Left 4 Dead 2840,Wallpaper Engine840,Angels Fall840
GTA V841,Wallpaper Engine841,Carry on841
Garry's Mod842,Wallpaper Engine842,Carry on842
Team Fortress 2843,Steam VR843,Viva La Vida843
GTA V844,Wallpaper Engine844,Dearly Beloved844
Left 4 Dead 2845,Wallpaper Engine845,Angels Fall845
OneShot846,Steam VR846,Carry on846
Counter-Strike847,Steam VR847,Viva La Vida847
Portal 2848,Wallpaper Engine848,Dearly Beloved848
Team Fortress 2849,Steam VR849,Viva La Vida849
OneShot850,Wallpaper Engine850,America850
OneShot851,Steam Workshop851,Viva La Vida851
Left 4 Dead 2852,Steam Workshop852,America852
Counter-Strike853,Wallpaper Engine853,Angels Fall853
Left 4 Dead 2854,Steam VR854,Carry on854
Counter-Strike855,Steam VR855,America855
Left 4 Dead 2856,Steam VR856,America856
Left 4 Dead 2857,Steam Workshop857,Angels Fall857
Counter-Strike858,Steam VR858,America858
Portal 2859,Wallpaper Engine859,Viva La Vida859
Garry's Mod860,Steam VR860,Dearly Beloved860
Left 4 Dead 2861,Wallpaper Engine861,Angels Fall861
Left 4 Dead 2862,Steam Workshop862,America862
Left 4 Dead 2863,Wallpaper Engine863,Angels Fall863
Left 4 Dead 2864,Steam Workshop864,Dearly Beloved864
Portal 2865,Steam VR865,Dearly Beloved865
Garry's Mod866,Steam Workshop866,Dearly Beloved866
Portal 2867,Steam VR867,Angels Fall867
OneShot868,Steam Workshop868,America868
GTA V869,Steam VR869,Dearly Beloved869
Left 4 Dead 2870,Steam VR870,Angels Fall870
Portal 2871,Steam Workshop871,Dearly Beloved871
Left 4 Dead 2872,Wallpaper Engine872,Dearly Beloved872
OneShot873,Steam Workshop873,Angels Fall873
Left 4 Dead 2874,Steam VR874,Dearly Beloved874
Counter-Strike875,Steam VR875,Dearly Beloved875
Left 4 Dead 2876,Wallpaper Engine876,Dearly Beloved876
Left 4 Dead 2877,Steam Workshop877,Dearly Beloved877
Team Fortress 2878,Steam VR878,Angels Fall878
Portal 2879,Wallpaper Engine879,Angels Fall879
GTA V880,Steam Workshop880,Angels Fall880
Garry's Mod881,Steam VR881,Angels Fall881
Counter-Strike882,Steam VR882,Angels Fall882
Portal 2883,Steam Workshop883,America883
Counter-Strike884,Steam Workshop884,Carry on884
GTA V885,Steam Workshop885,Carry on885
Portal 2886,Steam Workshop886,America886
GTA V887,Steam VR887,America887
Portal 2888,Steam VR888,Carry on888
Garry's Mod889,Steam Workshop889,Angels Fall889
Portal 2890,Wallpaper Engine890,Carry on890
Garry's Mod891,Steam VR891,Dearly Beloved891
Garry's Mod892,Steam Workshop892,Angels Fall892
Portal 2893,Steam Workshop893,Carry on893
Counter-Strike894,Steam Workshop894,Carry on894
Portal 2895,Wallpaper Engine895,Dearly Beloved895
Counter-Strike896,Steam VR896,Angels Fall896
Counter-Strike897,Steam VR897,Viva La Vida897
Left 4 Dead 2898,Steam Workshop898,America898
GTA V899,Steam Workshop899,America899
Team Fortress 2900,Steam Workshop900,Carry on900
Counter-Strike901,Wallpaper Engine901,Dearly Beloved901
Garry's Mod902,Wallpaper Engine902,Carry on902
GTA V903,Wallpaper Engine903,Viva La Vida903
Team Fortress 2904,Steam Workshop904,Viva La Vida904
Left 4 Dead 2905,Steam Workshop905,Carry on905
Portal 2906,Steam Workshop906,Carry on906
Team Fortress 2907,Steam VR907,Viva La Vida907
Garry's Mod908,Steam Workshop908,Angels Fall908
GTA V909,Steam VR909,Viva La Vida909
Counter-Strike910,Wallpaper Engine910,Angels Fall910
Garry's Mod911,Wallpaper Engine911,Carry on911
OneShot912,Steam Workshop912,Dearly Beloved912
Left 4 Dead 2913,Steam Workshop913,Viva La Vida913
Portal 2914,Steam VR914,Carry on914
OneShot915,Steam Workshop915,America915
Counter-Strike916,Steam Workshop916,America916
Left 4 Dead 2917,Steam Workshop917,America917
Garry's Mod918,Wallpaper Engine918,Viva La Vida918
Garry's Mod919,Steam VR919,Carry on919
Garry's Mod920,Steam VR920,America920
OneShot921,Wallpaper Engine921,Carry on921
GTA V922,Wallpaper Engine922,Angels Fall922
GTA V923,Steam Workshop923,America923
Counter-Strike924,Steam VR924,America924
Counter-Strike925,Steam VR925,Angels Fall925
OneShot926,Steam Workshop926,America926
Garry's Mod927,Steam Workshop927,America927
Left 4 Dead 2928,Wallpaper Engine928,Dearly Beloved928
OneShot929,Wallpaper Engine929,Dearly Beloved929
OneShot930,Steam Workshop930,Viva La Vida930
Counter-Strike931,Steam Workshop931,Dearly Beloved931
GTA V932,Wallpaper Engine932,Carry on932
Left 4 Dead 2933,Wallpaper Engine933,Viva La Vida933
OneShot934,Steam Workshop934,Angels Fall934
Counter-Strike935,Steam VR935,Angels Fall935
Portal 2936,Steam VR936,Angels Fall936
OneShot937,Steam VR937,Carry on937
Garry's Mod938,Wallpaper Engine938,Carry on938
Counter-Strike939,Steam Workshop939,Dearly Beloved939
OneShot940,Wallpaper Engine940,Carry on940
OneShot941,Steam Workshop941,Viva La Vida941
Counter-Strike942,Wallpaper Engine942,Dearly Beloved942
Left 4 Dead 2943,Steam Workshop943,Viva La Vida943
GTA V944,Steam VR944,Carry on944
Portal 2945,Steam VR945,Carry on945
GTA V946,Steam Workshop946,Viva La Vida946
Team Fortress 2947,Steam Workshop947,Angels Fall947
OneShot948,Wallpaper Engine948,Viva La Vida948
OneShot949,Steam Workshop949,Angels Fall949
Left 4 Dead 2950,Steam Workshop950,America950
GTA V951,Wallpaper Engine951,Viva La Vida951
OneShot952,Steam Workshop952,Angels Fall952
Counter-Strike953,Wallpaper Engine953,Dearly Beloved953
Counter-Strike954,Wallpaper Engine954,Dearly Beloved954
Counter-Strike955,Wallpaper Engine955,Carry on955
Garry's Mod956,Steam VR956,Viva La Vida956
GTA V957,Steam VR957,Dearly Beloved957
Left 4 Dead 2958,Steam Workshop958,Carry on958
Counter-Strike959,Wallpaper Engine959,Angels Fall959
Counter-Strike960,Steam VR960,Carry on960
Left 4 Dead 2961,Steam Workshop961,Carry on961
OneShot962,Steam Workshop962,Viva La Vida962
GTA V963,Wallpaper Engine963,America963
Counter-Strike964,Steam Workshop964,Viva La Vida964
Garry's Mod965,Wallpaper Engine965,Viva La Vida965
Garry's Mod966,Wallpaper Engine966,Angels Fall966
Portal 2967,Steam VR967,Viva La Vida967
Left 4 Dead 2968,Steam Workshop968,Carry on968
Portal 2969,Steam VR969,Viva La Vida969
Portal 2970,Steam VR970,Angels Fall970
Team Fortress 2971,Steam VR971,Viva La Vida971
OneShot972,Wallpaper Engine972,Carry on972
GTA V973,Steam Workshop973,Viva La Vida973
OneShot974,Wallpaper Engine974,Angels Fall974
Team Fortress 2975,Steam Workshop975,Carry on975
Portal 2976,Steam VR976,America976
Counter-Strike977,Wallpaper Engine977,Viva La Vida977
Left 4 Dead 2978,Steam Workshop978,Dearly Beloved978
Team Fortress 2979,Steam Workshop979,America979
Team Fortress 2980,Steam Workshop980,America980
Garry's Mod981,Steam Workshop981,Angels Fall981
Portal 2982,Steam Workshop982,Viva La Vida982
Left 4 Dead 2983,Wallpaper Engine983,Viva La Vida983
Left 4 Dead 2984,Wallpaper Engine984,Viva La Vida984
Garry's Mod985,Wallpaper Engine985,Viva La Vida985
Garry's Mod986,Wallpaper Engine986,Dearly Beloved986
Counter-Strike987,Steam Workshop987,Carry on987
Left 4 Dead 2988,Steam Workshop988,Carry on988
Portal 2989,Steam Workshop989,Carry on989
Counter-Strike990,Steam VR990,Angels Fall990
Team Fortress 2991,Wallpaper Engine991,Angels Fall991
Left 4 Dead 2992,Steam VR992,Viva La Vida992
Counter-Strike993,Wallpaper Engine993,Viva La Vida993
Portal 2994,Steam Workshop994,America994
Counter-Strike995,Steam VR995,Carry on995
Left 4 Dead 2996,Steam Workshop996,Angels Fall996
Portal 2997,Steam Workshop997,Angels Fall997
Portal 2998,Steam Workshop998,America998
GTA V999,Steam VR999,Dearly Beloved999
GTA V1000,Wallpaper Engine1000,America1000
